Workbook

Sheet PRICING25
A1: run_id | B1: arquivo_instancia | C1: ninst | D1: tem_janelas | E1: heuristica_retirada | F1: tamanho_clientes | G1: nos_rede | H1: veiculos | I1: capacidade | J1: tabu | K1: tipo_geracao | L1: tempo_exato | M1: tempo_bp | N1: fo_exato | O1: fo_bp | P1: gap_pct | Q1: igual_exato | R1: nos_bp | S1: colunas_bp | T1: seq_exato | U1: seq_bp | V1: timestamp
A2: tam25_cap200_tabu0_inst0_cons0 | B2: instancias/r101,txt | C2: 0 | D2: 0 | E2: 0 | F2: 25 | G2: 27 | H2: 8 | I2: 200 | J2: 0 | K2: PD | L2: 0.7642 | M2: 67.9489 | N2: 618.3299 | O2: 618.3299 | P2: =(O2-N2)/O2 -> 0 | Q2: 1 | R2: 1 | S2: 872 | T2: V0: [0,12,9,20,1,26] ; V1: [0,11,19,10,26] ; V2: [0,18,26] ; V3: [0,23,22,4,26] ; V4: [0,7,8,17,26] ; V5: [0,5,16,6,26] ; V6: [0,2,21,3,24,25,26] ; V7: [0,14,15,13,26] | U2: V0: [0,23,22,4,25,26] ; V1: [0,5,16,6,26] ; V2: [0,12,9,20,1,26] ; V3: [0,2,21,3,24,26] ; V4: [0,11,19,10,26] ; V5: [0,7,8,17,26] ; V6: [0,18,26] ; V7: [0,14,15,13,26] | V2: 46108.866 | X2: Analise | Y2: GAP
A3: tam25_cap200_tabu0_inst0_cons1 | B3: instancias/r101,txt | C3: 0 | D3: 0 | E3: 1 | F3: 25 | G3: 27 | H3: 8 | I3: 200 | J3: 0 | K3: PD | L3: 0.7642 | M3: 20.2125 | N3: 618.3299 | O3: 618.3299 | P3: =(O3-N3)/O3 -> 0 | Q3: 1 | R3: 1 | S3: 992 | T3: V0: [0,12,9,20,1,26] ; V1: [0,11,19,10,26] ; V2: [0,18,26] ; V3: [0,23,22,4,26] ; V4: [0,7,8,17,26] ; V5: [0,5,16,6,26] ; V6: [0,2,21,3,24,25,26] ; V7: [0,14,15,13,26] | U3: V0: [0,2,21,3,24,25,26] ; V1: [0,12,9,20,1,26] ; V2: [0,11,19,10,26] ; V3: [0,23,22,4,26] ; V4: [0,18,26] ; V5: [0,5,16,6,26] ; V6: [0,14,15,13,26] ; V7: [0,7,8,17,26] | V3: 46108.866 | X3: heuristica | Y3: MÁXIMO | Z3: inst | AA3: MÍNIMO | AB3: inst | AC3: MÉDIA | AF3: Análise feita para
A4: tam25_cap200_tabu0_inst0_cons2 | B4: instancias/r101,txt | C4: 0 | D4: 0 | E4: 2 | F4: 25 | G4: 27 | H4: 8 | I4: 200 | J4: 0 | K4: PD | L4: 0.7642 | M4: 23.3106 | N4: 618.3299 | O4: 618.3299 | P4: =(O4-N4)/O4 -> 0 | Q4: 1 | R4: 1 | S4: 1208 | T4: V0: [0,12,9,20,1,26] ; V1: [0,11,19,10,26] ; V2: [0,18,26] ; V3: [0,23,22,4,26] ; V4: [0,7,8,17,26] ; V5: [0,5,16,6,26] ; V6: [0,2,21,3,24,25,26] ; V7: [0,14,15,13,26] | U4: V0: [0,12,9,20,1,26] ; V1: [0,23,22,4,26] ; V2: [0,11,19,10,26] ; V3: [0,7,8,17,26] ; V4: [0,14,15,13,26] ; V5: [0,18,26] ; V6: [0,5,16,6,26] ; V7: [0,2,21,3,24,25,26] | V4: 46108.866 | X4: 0 | Y4: =_xlfn.MAXIFS($P:$P,$E:$E,X4) -> 0.088832764 | Z4: instancias/c202,txt | AA4: =_xlfn.MINIFS($P:$P,$E:$E,X4) -> 0 | AB4: instancias/r101,txt | AC4: =AVERAGEIFS($P:$P,$E:$E,X4) -> 0.018098658
A5: tam25_cap200_tabu0_inst0_cons3 | B5: instancias/r101,txt | C5: 0 | D5: 0 | E5: 3 | F5: 25 | G5: 27 | H5: 8 | I5: 200 | J5: 0 | K5: PD | L5: 0.7642 | M5: 2.2683 | N5: 618.3299 | O5: 630.3804 | P5: =(O5-N5)/O5 -> 0.019116235 | Q5: 0 | R5: 1 | S5: 952 | T5: V0: [0,12,9,20,1,26] ; V1: [0,11,19,10,26] ; V2: [0,18,26] ; V3: [0,23,22,4,26] ; V4: [0,7,8,17,26] ; V5: [0,5,16,6,26] ; V6: [0,2,21,3,24,25,26] ; V7: [0,14,15,13,26] | U5: V0: [0,12,9,20,26] ; V1: [0,7,8,26] ; V2: [0,18,26] ; V3: [0,14,15,6,13,26] ; V4: [0,5,16,17,26] ; V5: [0,23,22,4,26] ; V6: [0,11,19,10,1,26] ; V7: [0,2,21,3,24,25,26] | V5: 46108.866 | W5: inserção com melhoria | X5: 1 | Y5: =_xlfn.MAXIFS($P:$P,$E:$E,X5) -> 0.15056297 | Z5: instancias/c202,txt | AA5: =_xlfn.MINIFS($P:$P,$E:$E,X5) -> 0 | AB5: instancias/r101,txt | AC5: =AVERAGEIFS($P:$P,$E:$E,X5) -> 0.018266751
A6: tam25_cap200_tabu0_inst0_cons22 | B6: instancias/r101,txt | C6: 0 | D6: 0 | E6: 22 | F6: 25 | G6: 27 | H6: 8 | I6: 200 | J6: 0 | K6: PD | L6: 0.7642 | M6: 99.9047 | N6: 618.3299 | O6: 618.3299 | P6: =(O6-N6)/O6 -> 0 | Q6: 1 | R6: 1 | S6: 480 | T6: V0: [0,12,9,20,1,26] ; V1: [0,11,19,10,26] ; V2: [0,18,26] ; V3: [0,23,22,4,26] ; V4: [0,7,8,17,26] ; V5: [0,5,16,6,26] ; V6: [0,2,21,3,24,25,26] ; V7: [0,14,15,13,26] | U6: V0: [0,5,16,6,26] ; V1: [0,14,15,13,26] ; V2: [0,12,9,20,1,26] ; V3: [0,7,8,17,26] ; V4: [0,18,26] ; V5: [0,11,19,10,26] ; V6: [0,2,21,3,24,26] ; V7: [0,23,22,4,25,26] | V6: 46108.867 | W6: vns_ com acrescimo | X6: 2 | Y6: =_xlfn.MAXIFS($P:$P,$E:$E,X6) -> 0.047165122 | Z6: instancias/c202,txt | AA6: =_xlfn.MINIFS($P:$P,$E:$E,X6) -> 0 | AB6: instancias/r101,txt | AC6: =AVERAGEIFS($P:$P,$E:$E,X6) -> 0.0069774029
A7: tam25_cap200_tabu0_inst0_cons0 | B7: instancias/r102,txt | C7: 0 | D7: 0 | E7: 0 | F7: 25 | G7: 27 | H7: 7 | I7: 200 | J7: 0 | K7: PD | L7: 1201.1008 | M7: 2666.8414 | N7: 548.1078 | O7: 548.1078 | P7: =(O7-N7)/O7 -> 0 | Q7: 1 | R7: 713 | S7: 2793 | T7: V0: [0,14,16,6,13,26] ; V1: [0,3,9,20,1,26] ; V2: [0,7,11,19,10,26] ; V3: [0,2,15,22,4,25,26] ; V4: [0,18,26] ; V5: [0,8,17,5,26] ; V6: [0,21,23,24,12,26] | U7: V0: [0,14,16,6,13,26] ; V1: [0,7,11,19,10,26] ; V2: [0,21,23,24,12,26] ; V3: [0,2,15,22,4,25,26] ; V4: [0,8,17,5,26] ; V5: [0,3,9,20,1,26] ; V6: [0,18,26] | V7: 46108.912 | W7: sem pd | X7: 3 | Y7: =_xlfn.MAXIFS($P:$P,$E:$E,X7) -> 0.077869239 | Z7: instancias/c201,txt | AA7: =_xlfn.MINIFS($P:$P,$E:$E,X7) -> 0 | AB7: instancias/r101,txt | AC7: =AVERAGEIFS($P:$P,$E:$E,X7) -> 0.034711422
A8: tam25_cap200_tabu0_inst0_cons1 | B8: instancias/r102,txt | C8: 0 | D8: 0 | E8: 1 | F8: 25 | G8: 27 | H8: 7 | I8: 200 | J8: 0 | K8: PD | L8: 1201.1008 | M8: 2980.3445 | N8: 548.1078 | O8: 548.1078 | P8: =(O8-N8)/O8 -> 0 | Q8: 1 | R8: 2017 | S8: 2289 | T8: V0: [0,14,16,6,13,26] ; V1: [0,3,9,20,1,26] ; V2: [0,7,11,19,10,26] ; V3: [0,2,15,22,4,25,26] ; V4: [0,18,26] ; V5: [0,8,17,5,26] ; V6: [0,21,23,24,12,26] | U8: V0: [0,21,23,24,12,26] ; V1: [0,2,15,22,4,25,26] ; V2: [0,3,9,20,1,26] ; V3: [0,8,17,5,26] ; V4: [0,18,26] ; V5: [0,7,11,19,10,26] ; V6: [0,14,16,6,13,26] | V8: 46108.947 | W8: apenas pd | X8: 22 | Y8: =_xlfn.MAXIFS($P:$P,$E:$E,X8) -> 0.20591351 | Z8: instancias/r102,txt | AA8: =_xlfn.MINIFS($P:$P,$E:$E,X8) -> 0 | AB8: instancias/r101,txt | AC8: =AVERAGEIFS($P:$P,$E:$E,X8) -> 0.023692187
A9: tam25_cap200_tabu0_inst0_cons2 | B9: instancias/r102,txt | C9: 0 | D9: 0 | E9: 2 | F9: 25 | G9: 27 | H9: 7 | I9: 200 | J9: 0 | K9: PD | L9: 1201.1008 | M9: 2381.7852 | N9: 548.1078 | O9: 548.1078 | P9: =(O9-N9)/O9 -> 0 | Q9: 1 | R9: 1435 | S9: 2268 | T9: V0: [0,14,16,6,13,26] ; V1: [0,3,9,20,1,26] ; V2: [0,7,11,19,10,26] ; V3: [0,2,15,22,4,25,26] ; V4: [0,18,26] ; V5: [0,8,17,5,26] ; V6: [0,21,23,24,12,26] | U9: V0: [0,8,17,5,26] ; V1: [0,3,9,20,1,26] ; V2: [0,21,23,24,12,26] ; V3: [0,18,26] ; V4: [0,7,11,19,10,26] ; V5: [0,14,16,6,13,26] ; V6: [0,2,15,22,4,25,26] | V9: 46108.974 | W9: todas | X9: 10 | Y9: =_xlfn.MAXIFS($P:$P,$E:$E,X9) -> 0.032710523 | Z9: instancias/c109,txt | AA9: =_xlfn.MINIFS($P:$P,$E:$E,X9) -> 0 | AB9: instancias/r101,txt | AC9: =AVERAGEIFS($P:$P,$E:$E,X9) -> 0.0029262166
A10: tam25_cap200_tabu0_inst0_cons3 | B10: instancias/r102,txt | C10: 0 | D10: 0 | E10: 3 | F10: 25 | G10: 27 | H10: 7 | I10: 200 | J10: 0 | K10: PD | L10: 1201.1008 | M10: 106.3065 | N10: 548.1078 | O10: 551.622 | P10: =(O10-N10)/O10 -> 0.0063706669 | Q10: 0 | R10: 211 | S10: 2485 | T10: V0: [0,14,16,6,13,26] ; V1: [0,3,9,20,1,26] ; V2: [0,7,11,19,10,26] ; V3: [0,2,15,22,4,25,26] ; V4: [0,18,26] ; V5: [0,8,17,5,26] ; V6: [0,21,23,24,12,26] | U10: V0: [0,2,15,22,4,25,12,26] ; V1: [0,3,9,20,1,26] ; V2: [0,18,6,13,26] ; V3: [0,8,26] ; V4: [0,7,11,19,10,26] ; V5: [0,14,16,17,5,26] ; V6: [0,21,23,24,26] | V10: 46108.976 | W10: inserção com melhoria\grasp_bid_final com pd | X10: 33 | Y10: =_xlfn.MAXIFS($P:$P,$E:$E,X10) -> 0 | AA10: =_xlfn.MINIFS($P:$P,$E:$E,X10) -> 0 | AC10: =AVERAGEIFS($P:$P,$E:$E,X10) -> 0
A11: tam25_cap200_tabu0_inst0_cons22 | B11: instancias/r102,txt | C11: 0 | D11: 0 | E11: 22 | F11: 25 | G11: 27 | H11: 7 | I11: 200 | J11: 0 | K11: PD | L11: 1201.1008 | M11: 3600.2436 | N11: 548.1078 | O11: 690.2369 | P11: =(O11-N11)/O11 -> 0.20591351 | Q11: 0 | R11: 1878 | S11: 714 | T11: V0: [0,14,16,6,13,26] ; V1: [0,3,9,20,1,26] ; V2: [0,7,11,19,10,26] ; V3: [0,2,15,22,4,25,26] ; V4: [0,18,26] ; V5: [0,8,17,5,26] ; V6: [0,21,23,24,12,26] | U11: V0: [0,21,23,24,12,26] ; V1: [0,2,15,22,4,25,26] ; V2: [0,18,6,13,26] ; V3: [0,8,10,26] ; V4: [0,16,17,26] ; V5: [0,5,11,19,3,26] ; V6: [0,14,9,20,1,7,26] | V11: 46109.017
A12: tam25_cap200_tabu0_inst0_cons0 | B12: instancias/r103,txt | C12: 0 | D12: 0 | E12: 0 | F12: 25 | G12: 27 | H12: 5 | I12: 200 | J12: 0 | K12: PD | L12: 1201.3643 | M12: 142.071 | N12: =N14 -> 454.6 | O12: 455.6982 | P12: =(O12-N12)/O12 -> 0.0024099283 | Q12: 0 | R12: 1 | S12: 1375 | T12: V0: [0,7,19,11,10,26] ; V1: [0,2,21,23,22,4,25,26] ; V2: [0,14,15,6,13,26] ; V3: [0,1,20,9,3,24,12,26] ; V4: [0,18,8,17,16,5,26] | U12: V0: [0,7,19,11,8,18,26] ; V1: [0,12,24,3,9,10,20,1,26] ; V2: [0,2,15,14,16,17,5,26] ; V3: [0,6,13,26] ; V4: [0,21,23,22,4,25,26] | V12: 46109.033 | X12: Analise | Y12: TIME
A13: tam25_cap200_tabu0_inst0_cons1 | B13: instancias/r103,txt | C13: 0 | D13: 0 | E13: 1 | F13: 25 | G13: 27 | H13: 5 | I13: 200 | J13: 0 | K13: PD | L13: 1201.3643 | M13: 109.9558 | N13: =N14 -> 454.6 | O13: 455.6982 | P13: =(O13-N13)/O13 -> 0.0024099283 | Q13: 0 | R13: 1 | S13: 1450 | T13: V0: [0,7,19,11,10,26] ; V1: [0,2,21,23,22,4,25,26] ; V2: [0,14,15,6,13,26] ; V3: [0,1,20,9,3,24,12,26] ; V4: [0,18,8,17,16,5,26] | U13: V0: [0,2,15,14,16,17,5,26] ; V1: [0,7,19,11,8,18,26] ; V2: [0,21,23,22,4,25,26] ; V3: [0,6,13,26] ; V4: [0,12,24,3,9,10,20,1,26] | V13: 46109.034 | X13: heuristica | Y13: MÁXIMO | Z13: inst | AA13: MÍNIMO | AB13: inst | AC13: MÉDIA
A14: tam25_cap200_tabu0_inst0_cons2 | B14: instancias/r103,txt | C14: 0 | D14: 0 | E14: 2 | F14: 25 | G14: 27 | H14: 5 | I14: 200 | J14: 0 | K14: PD | L14: 1201.3643 | M14: 111.5374 | N14: =N15 -> 454.6 | O14: 455.6982 | P14: =(O14-N14)/O14 -> 0.0024099283 | Q14: 0 | R14: 1 | S14: 1380 | T14: V0: [0,7,19,11,10,26] ; V1: [0,2,21,23,22,4,25,26] ; V2: [0,14,15,6,13,26] ; V3: [0,1,20,9,3,24,12,26] ; V4: [0,18,8,17,16,5,26] | U14: V0: [0,12,24,3,9,10,20,1,26] ; V1: [0,21,23,22,4,25,26] ; V2: [0,2,15,14,16,17,5,26] ; V3: [0,6,13,26] ; V4: [0,7,19,11,8,18,26] | V14: 46109.035 | X14: 0 | Y14: =_xlfn.MAXIFS($M:$M,$E:$E,X14) -> 3999.3001 | Z14: instancias/c202,txt | AA14: =_xlfn.MINIFS($M:$M,$E:$E,X14) -> 67.9489 | AC14: =AVERAGEIFS($M:$M,$E:$E,X14) -> 1577.3656
A15: tam25_cap200_tabu0_inst0_cons3 | B15: instancias/r103,txt | C15: 0 | D15: 0 | E15: 3 | F15: 25 | G15: 27 | H15: 5 | I15: 200 | J15: 0 | K15: PD | L15: 1201.3643 | M15: 164.3832 | N15: =N16 -> 454.6 | O15: 468.1968 | P15: =(O15-N15)/O15 -> 0.029040779 | Q15: 0 | R15: 379 | S15: 2445 | T15: V0: [0,7,19,11,10,26] ; V1: [0,2,21,23,22,4,25,26] ; V2: [0,14,15,6,13,26] ; V3: [0,1,20,9,3,24,12,26] ; V4: [0,18,8,17,16,5,26] | U15: V0: [0,24,3,9,10,20,1,26] ; V1: [0,6,13,26] ; V2: [0,15,14,16,17,5,26] ; V3: [0,7,19,11,8,18,26] ; V4: [0,2,21,23,22,4,25,12,26] | V15: 46109.037 | W15: inserção com melhoria | X15: 1 | Y15: =_xlfn.MAXIFS($M:$M,$E:$E,X15) -> 3786.1477 | Z15: instancias/c203,txt | AA15: =_xlfn.MINIFS($M:$M,$E:$E,X15) -> 20.2125 | AC15: =AVERAGEIFS($M:$M,$E:$E,X15) -> 1251.4237
A16: tam25_cap200_tabu0_inst0_cons22 | B16: instancias/r103,txt | C16: 0 | D16: 0 | E16: 22 | F16: 25 | G16: 27 | H16: 5 | I16: 200 | J16: 0 | K16: PD | L16: 1201.3643 | M16: 447.5025 | N16: =N88 -> 454.6 | O16: 455.6982 | P16: =(O16-N16)/O16 -> 0.0024099283 | Q16: 0 | R16: 1 | S16: 645 | T16: V0: [0,7,19,11,10,26] ; V1: [0,2,21,23,22,4,25,26] ; V2: [0,14,15,6,13,26] ; V3: [0,1,20,9,3,24,12,26] ; V4: [0,18,8,17,16,5,26] | U16: V0: [0,21,23,22,4,25,26] ; V1: [0,2,15,14,16,17,5,26] ; V2: [0,6,13,26] ; V3: [0,7,19,11,8,18,26] ; V4: [0,12,24,3,9,10,20,1,26] | V16: 46109.042 | W16: vns_ com acrescimo | X16: 2 | Y16: =_xlfn.MAXIFS($M:$M,$E:$E,X16) -> 4212.7162 | Z16: instancias/c203,txt | AA16: =_xlfn.MINIFS($M:$M,$E:$E,X16) -> 23.3106 | AC16: =AVERAGEIFS($M:$M,$E:$E,X16) -> 1214.4434
A17: tam25_cap200_tabu0_inst0_cons0 | B17: instancias/r104,txt | C17: 0 | D17: 0 | E17: 0 | F17: 25 | G17: 27 | H17: 4 | I17: 200 | J17: 0 | K17: PD | L17: 1201.5134 | M17: 119.9116 | N17: =N18 -> 416.9 | O17: 417.9612 | P17: =(O17-N17)/O17 -> 0.0025389917 | Q17: 0 | R17: 1 | S17: 1040 | T17: V0: [0,15,16,14,13,26] ; V1: [0,21,22,23,4,2,6,26] ; V2: [0,7,19,11,8,17,5,18,26] ; V3: [0,1,10,20,9,3,24,25,12,26] | U17: V0: [0,7,19,11,8,18,6,13,26] ; V1: [0,1,10,20,9,3,24,12,26] ; V2: [0,2,15,14,16,17,5,26] ; V3: [0,21,22,23,4,25,26] | V17: 46109.058 | W17: sem pd | X17: 3 | Y17: =_xlfn.MAXIFS($M:$M,$E:$E,X17) -> 3633.8025 | Z17: instancias/c202,txt | AA17: =_xlfn.MINIFS($M:$M,$E:$E,X17) -> 2.2683 | AC17: =AVERAGEIFS($M:$M,$E:$E,X17) -> 814.73283
A18: tam25_cap200_tabu0_inst0_cons1 | B18: instancias/r104,txt | C18: 0 | D18: 0 | E18: 1 | F18: 25 | G18: 27 | H18: 4 | I18: 200 | J18: 0 | K18: PD | L18: 1201.5134 | M18: 150.0521 | N18: =N19 -> 416.9 | O18: 417.9612 | P18: =(O18-N18)/O18 -> 0.0025389917 | Q18: 0 | R18: 15 | S18: 1752 | T18: V0: [0,15,16,14,13,26] ; V1: [0,21,22,23,4,2,6,26] ; V2: [0,7,19,11,8,17,5,18,26] ; V3: [0,1,10,20,9,3,24,25,12,26] | U18: V0: [0,21,22,23,4,25,26] ; V1: [0,2,15,14,16,17,5,26] ; V2: [0,7,19,11,8,18,6,13,26] ; V3: [0,1,10,20,9,3,24,12,26] | V18: 46109.06 | W18: apenas pd | X18: 22 | Y18: =_xlfn.MAXIFS($M:$M,$E:$E,X18) -> 4555 | Z18: instancias/c203,txt | AA18: =_xlfn.MINIFS($M:$M,$E:$E,X18) -> 99.9047 | AC18: =AVERAGEIFS($M:$M,$E:$E,X18) -> 2195.5549
A19: tam25_cap200_tabu0_inst0_cons2 | B19: instancias/r104,txt | C19: 0 | D19: 0 | E19: 2 | F19: 25 | G19: 27 | H19: 4 | I19: 200 | J19: 0 | K19: PD | L19: 1201.5134 | M19: 86.7017 | N19: =N20 -> 416.9 | O19: 417.9612 | P19: =(O19-N19)/O19 -> 0.0025389917 | Q19: 0 | R19: 1 | S19: 1384 | T19: V0: [0,15,16,14,13,26] ; V1: [0,21,22,23,4,2,6,26] ; V2: [0,7,19,11,8,17,5,18,26] ; V3: [0,1,10,20,9,3,24,25,12,26] | U19: V0: [0,2,15,14,16,17,5,26] ; V1: [0,21,22,23,4,25,26] ; V2: [0,1,10,20,9,3,24,12,26] ; V3: [0,7,19,11,8,18,6,13,26] | V19: 46109.06 | W19: todas | X19: 10 | Y19: =_xlfn.MAXIFS($M:$M,$E:$E,X19) -> 3346.43 | Z19: instancias/r112,txt | AA19: =_xlfn.MINIFS($M:$M,$E:$E,X19) -> 25.3171 | AC19: =AVERAGEIFS($M:$M,$E:$E,X19) -> 545.35546
A20: tam25_cap200_tabu0_inst0_cons3 | B20: instancias/r104,txt | C20: 0 | D20: 0 | E20: 3 | F20: 25 | G20: 27 | H20: 4 | I20: 200 | J20: 0 | K20: PD | L20: 1201.5134 | M20: 18.8865 | N20: =N21 -> 416.9 | O20: 427.2213 | P20: =(O20-N20)/O20 -> 0.024159142 | Q20: 0 | R20: 1 | S20: 1744 | T20: V0: [0,15,16,14,13,26] ; V1: [0,21,22,23,4,2,6,26] ; V2: [0,7,19,11,8,17,5,18,26] ; V3: [0,1,10,20,9,3,24,25,12,26] | U20: V0: [0,1,10,20,9,3,24,25,12,26] ; V1: [0,7,19,11,8,17,16,5,18,26] ; V2: [0,21,22,23,4,26] ; V3: [0,6,14,15,2,13,26] | V20: 46109.06 | W20: inserção com melhoria\grasp_bid_final com pd | X20: 33 | Y20: =_xlfn.MAXIFS($M:$M,$E:$E,X20) -> 4210.5146 | AA20: =_xlfn.MINIFS($M:$M,$E:$E,X20) -> 16.68877 | AC20: =AVERAGEIFS($M:$M,$E:$E,X20) -> 968.74468
A21: tam25_cap200_tabu0_inst0_cons22 | B21: instancias/r104,txt | C21: 0 | D21: 0 | E21: 22 | F21: 25 | G21: 27 | H21: 4 | I21: 200 | J21: 0 | K21: PD | L21: 1201.5134 | M21: 392.8058 | N21: =N89 -> 416.9 | O21: 420.6334 | P21: =(O21-N21)/O21 -> 0.0088756623 | Q21: 0 | R21: 1 | S21: 500 | T21: V0: [0,15,16,14,13,26] ; V1: [0,21,22,23,4,2,6,26] ; V2: [0,7,19,11,8,17,5,18,26] ; V3: [0,1,10,20,9,3,24,25,12,26] | U21: V0: [0,7,19,11,8,18,6,13,26] ; V1: [0,2,15,14,16,17,5,26] ; V2: [0,21,22,23,4,25,12,26] ; V3: [0,24,3,9,20,10,1,26] | V21: 46109.065
A22: tam25_cap200_tabu0_inst0_cons0 | B22: instancias/r105,txt | C22: 0 | D22: 0 | E22: 0 | F22: 25 | G22: 27 | H22: 6 | I22: 200 | J22: 0 | K22: PD | L22: 17.8249 | M22: 90.9081 | N22: =N23 -> 530.5 | O22: 531.5386 | P22: =(O22-N22)/O22 -> 0.0019539503 | Q22: 1 | R22: 1 | S22: 828 | T22: V0: [0,5,14,16,6,26] ; V1: [0,12,9,3,24,25,26] ; V2: [0,2,15,13,26] ; V3: [0,21,23,22,4,26] ; V4: [0,7,18,8,17,26] ; V5: [0,19,11,10,20,1,26] | U22: V0: [0,5,14,16,6,26] ; V1: [0,19,11,10,20,1,26] ; V2: [0,7,18,8,17,26] ; V3: [0,12,9,3,24,26] ; V4: [0,2,15,13,26] ; V5: [0,21,23,22,4,25,26] | V22: 46109.067
A23: tam25_cap200_tabu0_inst0_cons1 | B23: instancias/r105,txt | C23: 0 | D23: 0 | E23: 1 | F23: 25 | G23: 27 | H23: 6 | I23: 200 | J23: 0 | K23: PD | L23: 17.8249 | M23: 56.1524 | N23: =N24 -> 530.5 | O23: 531.5386 | P23: =(O23-N23)/O23 -> 0.0019539503 | Q23: 1 | R23: 1 | S23: 1134 | T23: V0: [0,5,14,16,6,26] ; V1: [0,12,9,3,24,25,26] ; V2: [0,2,15,13,26] ; V3: [0,21,23,22,4,26] ; V4: [0,7,18,8,17,26] ; V5: [0,19,11,10,20,1,26] | U23: V0: [0,19,11,10,20,1,26] ; V1: [0,12,9,3,24,25,26] ; V2: [0,5,14,16,6,26] ; V3: [0,7,18,8,17,26] ; V4: [0,2,15,13,26] ; V5: [0,21,23,22,4,26] | V23: 46109.067
A24: tam25_cap200_tabu0_inst0_cons2 | B24: instancias/r105,txt | C24: 0 | D24: 0 | E24: 2 | F24: 25 | G24: 27 | H24: 6 | I24: 200 | J24: 0 | K24: PD | L24: 17.8249 | M24: 57.6008 | N24: =N25 -> 530.5 | O24: 531.5386 | P24: =(O24-N24)/O24 -> 0.0019539503 | Q24: 1 | R24: 1 | S24: 1242 | T24: V0: [0,5,14,16,6,26] ; V1: [0,12,9,3,24,25,26] ; V2: [0,2,15,13,26] ; V3: [0,21,23,22,4,26] ; V4: [0,7,18,8,17,26] ; V5: [0,19,11,10,20,1,26] | U24: V0: [0,21,23,22,4,25,26] ; V1: [0,19,11,10,20,1,26] ; V2: [0,7,18,8,17,26] ; V3: [0,5,14,16,6,26] ; V4: [0,12,9,3,24,26] ; V5: [0,2,15,13,26] | V24: 46109.068
A25: tam25_cap200_tabu0_inst0_cons3 | B25: instancias/r105,txt | C25: 0 | D25: 0 | E25: 3 | F25: 25 | G25: 27 | H25: 6 | I25: 200 | J25: 0 | K25: PD | L25: 17.8249 | M25: 22.6073 | N25: =N26 -> 530.5 | O25: 537.5166 | P25: =(O25-N25)/O25 -> 0.013053736 | Q25: 0 | R25: 65 | S25: 1452 | T25: V0: [0,5,14,16,6,26] ; V1: [0,12,9,3,24,25,26] ; V2: [0,2,15,13,26] ; V3: [0,21,23,22,4,26] ; V4: [0,7,18,8,17,26] ; V5: [0,19,11,10,20,1,26] | U25: V0: [0,18,6,26] ; V1: [0,21,23,22,4,26] ; V2: [0,12,9,3,24,25,26] ; V3: [0,5,14,16,8,17,26] ; V4: [0,11,19,7,10,20,1,26] ; V5: [0,2,15,13,26] | V25: 46109.068
A26: tam25_cap200_tabu0_inst0_cons22 | B26: instancias/r105,txt | C26: 0 | D26: 0 | E26: 22 | F26: 25 | G26: 27 | H26: 6 | I26: 200 | J26: 0 | K26: PD | L26: 17.8249 | M26: 210.8627 | N26: =N90 -> 530.5 | O26: 531.5386 | P26: =(O26-N26)/O26 -> 0.0019539503 | Q26: 1 | R26: 1 | S26: 492 | T26: V0: [0,5,14,16,6,26] ; V1: [0,12,9,3,24,25,26] ; V2: [0,2,15,13,26] ; V3: [0,21,23,22,4,26] ; V4: [0,7,18,8,17,26] ; V5: [0,19,11,10,20,1,26] | U26: V0: [0,2,15,13,26] ; V1: [0,21,23,22,4,26] ; V2: [0,12,9,3,24,25,26] ; V3: [0,19,11,10,20,1,26] ; V4: [0,7,18,8,17,26] ; V5: [0,5,14,16,6,26] | V26: 46109.07
A27: tam25_cap200_tabu0_inst0_cons0 | B27: instancias/r106,txt | C27: 0 | D27: 0 | E27: 0 | F27: 25 | G27: 27 | H27: 5 | I27: 200 | J27: 0 | K27: PD | L27: 1092.5516 | M27: 1481.3308 | N27: =N28 -> 465.4 | O27: 470.5235 | P27: =(O27-N27)/O27 -> 0.010888935 | Q27: 0 | R27: 307 | S27: 2765 | T27: V0: [0,2,15,23,22,4,25,21,26] ; V1: [0,14,16,6,13,26] ; V2: [0,7,19,11,10,26] ; V3: [0,18,8,17,5,26] ; V4: [0,1,9,20,3,24,12,26] | U27: V0: [0,1,9,20,3,24,26] ; V1: [0,14,16,6,13,26] ; V2: [0,18,8,17,5,26] ; V3: [0,2,15,23,22,21,4,25,12,26] ; V4: [0,7,19,11,10,26] | V27: 46109.1
A28: tam25_cap200_tabu0_inst0_cons1 | B28: instancias/r106,txt | C28: 0 | D28: 0 | E28: 1 | F28: 25 | G28: 27 | H28: 5 | I28: 200 | J28: 0 | K28: PD | L28: 1092.5516 | M28: 809.2501 | N28: =N29 -> 465.4 | O28: 466.4802 | P28: =(O28-N28)/O28 -> 0.0023156395 | Q28: 1 | R28: 137 | S28: 2280 | T28: V0: [0,2,15,23,22,4,25,21,26] ; V1: [0,14,16,6,13,26] ; V2: [0,7,19,11,10,26] ; V3: [0,18,8,17,5,26] ; V4: [0,1,9,20,3,24,12,26] | U28: V0: [0,7,19,11,10,26] ; V1: [0,2,15,23,22,4,25,21,26] ; V2: [0,18,8,17,5,26] ; V3: [0,14,16,6,13,26] ; V4: [0,1,9,20,3,24,12,26] | V28: 46109.11
A29: tam25_cap200_tabu0_inst0_cons2 | B29: instancias/r106,txt | C29: 0 | D29: 0 | E29: 2 | F29: 25 | G29: 27 | H29: 5 | I29: 200 | J29: 0 | K29: PD | L29: 1092.5516 | M29: 875.5637 | N29: =N30 -> 465.4 | O29: 466.4802 | P29: =(O29-N29)/O29 -> 0.0023156395 | Q29: 1 | R29: 153 | S29: 2390 | T29: V0: [0,2,15,23,22,4,25,21,26] ; V1: [0,14,16,6,13,26] ; V2: [0,7,19,11,10,26] ; V3: [0,18,8,17,5,26] ; V4: [0,1,9,20,3,24,12,26] | U29: V0: [0,7,19,11,10,26] ; V1: [0,2,15,23,22,4,25,21,26] ; V2: [0,14,16,6,13,26] ; V3: [0,1,9,20,3,24,12,26] ; V4: [0,18,8,17,5,26] | V29: 46109.119
A30: tam25_cap200_tabu0_inst0_cons3 | B30: instancias/r106,txt | C30: 0 | D30: 0 | E30: 3 | F30: 25 | G30: 27 | H30: 5 | I30: 200 | J30: 0 | K30: PD | L30: 1092.5516 | M30: 2234.3161 | N30: =N31 -> 465.4 | O30: 501.4534 | P30: =(O30-N30)/O30 -> 0.071897807 | Q30: 0 | R30: 16147 | S30: 6465 | T30: V0: [0,2,15,23,22,4,25,21,26] ; V1: [0,14,16,6,13,26] ; V2: [0,7,19,11,10,26] ; V3: [0,18,8,17,5,26] ; V4: [0,1,9,20,3,24,12,26] | U30: V0: [0,19,11,10,20,26] ; V1: [0,2,14,16,5,6,13,26] ; V2: [0,7,18,8,17,26] ; V3: [0,21,15,23,22,4,25,12,26] ; V4: [0,1,9,3,24,26] | V30: 46109.146
A31: tam25_cap200_tabu0_inst0_cons22 | B31: instancias/r106,txt | C31: 0 | D31: 0 | E31: 22 | F31: 25 | G31: 27 | H31: 5 | I31: 200 | J31: 0 | K31: PD | L31: 1092.5516 | M31: 3602.4569 | N31: =N91 -> 465.4 | O31: =O30 -> 501.4534 | P31: =(O31-N31)/O31 -> 0.071897807 | R31: 0 | S31: 0 | T31: V0: [0,2,15,23,22,4,25,21,26] ; V1: [0,14,16,6,13,26] ; V2: [0,7,19,11,10,26] ; V3: [0,18,8,17,5,26] ; V4: [0,1,9,20,3,24,12,26] | U31: SEM_SEQUENCIA_BP | V31: 46109.188
A32: tam25_cap200_tabu0_inst0_cons0 | B32: instancias/r107,txt | C32: 0 | D32: 0 | E32: 0 | F32: 25 | G32: 27 | H32: 4 | I32: 200 | J32: 0 | K32: PD | L32: 1201.3898 | M32: 169.633 | N32: =N33 -> 424.3 | O32: 425.2685 | P32: =(O32-N32)/O32 -> 0.0022773848 | Q32: 0 | R32: 1 | S32: 1156 | T32: V0: [0,6,16,14,13,26] ; V1: [0,18,7,11,19,8,17,5,26] ; V2: [0,2,15,23,22,4,25,21,26] ; V3: [0,12,24,3,9,20,10,1,26] | U32: V0: [0,18,7,11,19,8,17,16,5,26] ; V1: [0,21,23,22,4,25,24,26] ; V2: [0,12,3,9,20,10,1,26] ; V3: [0,2,15,14,6,13,26] | V32: 46109.203
A33: tam25_cap200_tabu0_inst0_cons1 | B33: instancias/r107,txt | C33: 0 | D33: 0 | E33: 1 | F33: 25 | G33: 27 | H33: 4 | I33: 200 | J33: 0 | K33: PD | L33: 1201.3898 | M33: 183.1797 | N33: =N34 -> 424.3 | O33: 425.2685 | P33: =(O33-N33)/O33 -> 0.0022773848 | Q33: 0 | R33: 1 | S33: 1808 | T33: V0: [0,6,16,14,13,26] ; V1: [0,18,7,11,19,8,17,5,26] ; V2: [0,2,15,23,22,4,25,21,26] ; V3: [0,12,24,3,9,20,10,1,26] | U33: V0: [0,12,3,9,20,10,1,26] ; V1: [0,18,7,11,19,8,17,16,5,26] ; V2: [0,21,23,22,4,25,24,26] ; V3: [0,2,15,14,6,13,26] | V33: 46109.206
A34: tam25_cap200_tabu0_inst0_cons2 | B34: instancias/r107,txt | C34: 0 | D34: 0 | E34: 2 | F34: 25 | G34: 27 | H34: 4 | I34: 200 | J34: 0 | K34: PD | L34: 1201.3898 | M34: 246.2748 | N34: =N35 -> 424.3 | O34: 425.2685 | P34: =(O34-N34)/O34 -> 0.0022773848 | Q34: 0 | R34: 1 | S34: 1976 | T34: V0: [0,6,16,14,13,26] ; V1: [0,18,7,11,19,8,17,5,26] ; V2: [0,2,15,23,22,4,25,21,26] ; V3: [0,12,24,3,9,20,10,1,26] | U34: V0: [0,18,7,11,19,8,17,16,5,26] ; V1: [0,21,23,22,4,25,24,26] ; V2: [0,12,3,9,20,10,1,26] ; V3: [0,2,15,14,6,13,26] | V34: 46109.208
A35: tam25_cap200_tabu0_inst0_cons3 | B35: instancias/r107,txt | C35: 0 | D35: 0 | E35: 3 | F35: 25 | G35: 27 | H35: 4 | I35: 200 | J35: 0 | K35: PD | L35: 1201.3898 | M35: 115.3156 | N35: =N36 -> 424.3 | O35: 431.1264 | P35: =(O35-N35)/O35 -> 0.015833871 | Q35: 0 | R35: 193 | S35: 2296 | T35: V0: [0,6,16,14,13,26] ; V1: [0,18,7,11,19,8,17,5,26] ; V2: [0,2,15,23,22,4,25,21,26] ; V3: [0,12,24,3,9,20,10,1,26] | U35: V0: [0,23,22,21,4,25,24,26] ; V1: [0,18,7,11,19,8,17,16,5,26] ; V2: [0,12,3,9,20,10,1,26] ; V3: [0,2,15,14,6,13,26] | V35: 46109.21
A36: tam25_cap200_tabu0_inst0_cons22 | B36: instancias/r107,txt | C36: 0 | D36: 0 | E36: 22 | F36: 25 | G36: 27 | H36: 4 | I36: 200 | J36: 0 | K36: PD | L36: 1201.3898 | M36: 443.1022 | N36: =N92 -> 424.3 | O36: 425.2685 | P36: =(O36-N36)/O36 -> 0.0022773848 | Q36: 0 | R36: 1 | S36: 472 | T36: V0: [0,6,16,14,13,26] ; V1: [0,18,7,11,19,8,17,5,26] ; V2: [0,2,15,23,22,4,25,21,26] ; V3: [0,12,24,3,9,20,10,1,26] | U36: V0: [0,21,23,22,4,25,24,26] ; V1: [0,2,15,14,6,13,26] ; V2: [0,12,3,9,20,10,1,26] ; V3: [0,18,7,11,19,8,17,16,5,26] | V36: 46109.215
A37: tam25_cap200_tabu0_inst0_cons0 | B37: instancias/r108,txt | C37: 0 | D37: 0 | E37: 0 | F37: 25 | G37: 27 | H37: 4 | I37: 200 | J37: 0 | K37: PD | L37: 1201.4456 | M37: 3618.3219 | N37: =N38 -> 397.3 | O37: 418.3557 | P37: =(O37-N37)/O37 -> 0.05032966 | Q37: 0 | R37: 212 | S37: 5284 | T37: V0: [0,21,22,23,4,25,24,26] ; V1: [0,7,10,11,19,8,18,26] ; V2: [0,12,3,9,20,1,26] ; V3: [0,2,15,14,16,17,5,6,13,26] | U37: V0: [0,12,24,3,9,20,1,26] ; V1: [0,10,19,11,7,8,18,26] ; V2: [0,2,15,23,22,4,25,21,26] ; V3: [0,6,5,17,16,14,13,26] | V37: 46109.27
A38: tam25_cap200_tabu0_inst0_cons1 | B38: instancias/r108,txt | C38: 0 | D38: 0 | E38: 1 | F38: 25 | G38: 27 | H38: 4 | I38: 200 | J38: 0 | K38: PD | L38: 1201.4456 | M38: 426.5231 | N38: =N39 -> 397.3 | O38: 398.2947 | P38: =(O38-N38)/O38 -> 0.002497397 | Q38: 1 | R38: 9 | S38: 2032 | T38: V0: [0,21,22,23,4,25,24,26] ; V1: [0,7,10,11,19,8,18,26] ; V2: [0,12,3,9,20,1,26] ; V3: [0,2,15,14,16,17,5,6,13,26] | U38: V0: [0,2,15,14,16,17,5,6,13,26] ; V1: [0,7,10,11,19,8,18,26] ; V2: [0,1,20,9,3,12,26] ; V3: [0,21,22,23,4,25,24,26] | V38: 46109.275
A39: tam25_cap200_tabu0_inst0_cons2 | B39: instancias/r108,txt | C39: 0 | D39: 0 | E39: 2 | F39: 25 | G39: 27 | H39: 4 | I39: 200 | J39: 0 | K39: PD | L39: 1201.4456 | M39: 1033.4836 | N39: =N40 -> 397.3 | O39: 398.2947 | P39: =(O39-N39)/O39 -> 0.002497397 | Q39: 1 | R39: 95 | S39: 2328 | T39: V0: [0,21,22,23,4,25,24,26] ; V1: [0,7,10,11,19,8,18,26] ; V2: [0,12,3,9,20,1,26] ; V3: [0,2,15,14,16,17,5,6,13,26] | U39: V0: [0,7,10,11,19,8,18,26] ; V1: [0,2,15,14,16,17,5,6,13,26] ; V2: [0,1,20,9,3,12,26] ; V3: [0,21,22,23,4,25,24,26] | V39: 46109.287
A40: tam25_cap200_tabu0_inst0_cons3 | B40: instancias/r108,txt | C40: 0 | D40: 0 | E40: 3 | F40: 25 | G40: 27 | H40: 4 | I40: 200 | J40: 0 | K40: PD | L40: 1201.4456 | M40: 170.8266 | N40: =N41 -> 397.3 | O40: 412.6813 | P40: =(O40-N40)/O40 -> 0.037271619 | Q40: 0 | R40: 227 | S40: 2972 | T40: V0: [0,21,22,23,4,25,24,26] ; V1: [0,7,10,11,19,8,18,26] ; V2: [0,12,3,9,20,1,26] ; V3: [0,2,15,14,16,17,5,6,13,26] | U40: V0: [0,14,15,2,13,26] ; V1: [0,21,22,23,4,25,24,26] ; V2: [0,12,3,9,20,10,1,26] ; V3: [0,18,7,11,19,8,17,16,5,6,26] | V40: 46109.29
A41: tam25_cap200_tabu0_inst0_cons22 | B41: instancias/r108,txt | C41: 0 | D41: 0 | E41: 22 | F41: 25 | G41: 27 | H41: 4 | I41: 200 | J41: 0 | K41: PD | L41: 1201.4456 | M41: 3603.5279 | N41: =N93 -> 397.3 | O41: 413.9937 | P41: =(O41-N41)/O41 -> 0.04032356 | Q41: 0 | R41: 469 | S41: 1976 | T41: V0: [0,21,22,23,4,25,24,26] ; V1: [0,7,10,11,19,8,18,26] ; V2: [0,12,3,9,20,1,26] ; V3: [0,2,15,14,16,17,5,6,13,26] | U41: V0: [0,22,23,4,12,26] ; V1: [0,1,20,9,3,24,25,21,26] ; V2: [0,7,10,11,19,8,18,26] ; V3: [0,2,15,14,16,17,5,6,13,26] | V41: 46109.331
A42: tam25_cap200_tabu0_inst0_cons0 | B42: instancias/r109,txt | C42: 0 | D42: 0 | E42: 0 | F42: 25 | G42: 27 | H42: 5 | I42: 200 | J42: 0 | K42: PD | L42: 80.721 | M42: 128.853 | N42: =N43 -> 441.3 | O42: 442.6252 | P42: =(O42-N42)/O42 -> 0.0029939552 | Q42: 1 | R42: 1 | S42: 1495 | T42: V0: [0,2,15,14,16,17,13,26] ; V1: [0,5,8,18,6,26] ; V2: [0,21,22,23,4,25,24,26] ; V3: [0,12,3,9,20,1,26] ; V4: [0,7,19,11,10,26] | U42: V0: [0,21,22,23,4,25,24,26] ; V1: [0,12,3,9,20,1,26] ; V2: [0,7,19,11,10,26] ; V3: [0,5,8,18,6,26] ; V4: [0,2,15,14,16,17,13,26] | V42: 46109.333
A43: tam25_cap200_tabu0_inst0_cons1 | B43: instancias/r109,txt | C43: 0 | D43: 0 | E43: 1 | F43: 25 | G43: 27 | H43: 5 | I43: 200 | J43: 0 | K43: PD | L43: 80.721 | M43: 93.2677 | N43: =N44 -> 441.3 | O43: 442.6252 | P43: =(O43-N43)/O43 -> 0.0029939552 | Q43: 1 | R43: 1 | S43: 1465 | T43: V0: [0,2,15,14,16,17,13,26] ; V1: [0,5,8,18,6,26] ; V2: [0,21,22,23,4,25,24,26] ; V3: [0,12,3,9,20,1,26] ; V4: [0,7,19,11,10,26] | U43: V0: [0,12,3,9,20,1,26] ; V1: [0,2,15,14,16,17,13,26] ; V2: [0,5,8,18,6,26] ; V3: [0,21,22,23,4,25,24,26] ; V4: [0,7,19,11,10,26] | V43: 46109.335
A44: tam25_cap200_tabu0_inst0_cons2 | B44: instancias/r109,txt | C44: 0 | D44: 0 | E44: 2 | F44: 25 | G44: 27 | H44: 5 | I44: 200 | J44: 0 | K44: PD | L44: 80.721 | M44: 111.8622 | N44: =N45 -> 441.3 | O44: 442.6252 | P44: =(O44-N44)/O44 -> 0.0029939552 | Q44: 1 | R44: 1 | S44: 1470 | T44: V0: [0,2,15,14,16,17,13,26] ; V1: [0,5,8,18,6,26] ; V2: [0,21,22,23,4,25,24,26] ; V3: [0,12,3,9,20,1,26] ; V4: [0,7,19,11,10,26] | U44: V0: [0,12,3,9,20,1,26] ; V1: [0,21,22,23,4,25,24,26] ; V2: [0,2,15,14,16,17,13,26] ; V3: [0,7,19,11,10,26] ; V4: [0,5,8,18,6,26] | V44: 46109.336
A45: tam25_cap200_tabu0_inst0_cons3 | B45: instancias/r109,txt | C45: 0 | D45: 0 | E45: 3 | F45: 25 | G45: 27 | H45: 5 | I45: 200 | J45: 0 | K45: PD | L45: 80.721 | M45: 4.5376 | N45: =N46 -> 441.3 | O45: 474.3321 | P45: =(O45-N45)/O45 -> 0.069639183 | Q45: 0 | R45: 1 | S45: 1205 | T45: V0: [0,2,15,14,16,17,13,26] ; V1: [0,5,8,18,6,26] ; V2: [0,21,22,23,4,25,24,26] ; V3: [0,12,3,9,20,1,26] ; V4: [0,7,19,11,10,26] | U45: V0: [0,12,9,3,24,25,4,26] ; V1: [0,18,8,6,26] ; V2: [0,21,23,22,13,26] ; V3: [0,5,7,19,11,10,20,1,26] ; V4: [0,2,15,14,16,17,26] | V45: 46109.336
A46: tam25_cap200_tabu0_inst0_cons22 | B46: instancias/r109,txt | C46: 0 | D46: 0 | E46: 22 | F46: 25 | G46: 27 | H46: 5 | I46: 200 | J46: 0 | K46: PD | L46: 80.721 | M46: 350.2311 | N46: =N94 -> 441.3 | O46: 442.6252 | P46: =(O46-N46)/O46 -> 0.0029939552 | Q46: 1 | R46: 1 | S46: 515 | T46: V0: [0,2,15,14,16,17,13,26] ; V1: [0,5,8,18,6,26] ; V2: [0,21,22,23,4,25,24,26] ; V3: [0,12,3,9,20,1,26] ; V4: [0,7,19,11,10,26] | U46: V0: [0,5,8,18,6,26] ; V1: [0,2,15,14,16,17,13,26] ; V2: [0,7,19,11,10,26] ; V3: [0,21,22,23,4,25,24,26] ; V4: [0,12,3,9,20,1,26] | V46: 46109.34
A47: tam25_cap200_tabu0_inst0_cons0 | B47: instancias/r110,txt | C47: 0 | D47: 0 | E47: 0 | F47: 25 | G47: 27 | H47: 4 | I47: 200 | J47: 0 | K47: PD | L47: 1201.6729 | M47: 1171.8681 | N47: =N48 -> 444.8 | O47: 445.8722 | P47: =(O47-N47)/O47 -> 0.0024047249 | R47: 129 | S47: 1704 | T47: SEM_SEQUENCIA_EXATO | U47: V0: [0,5,16,14,15,22,23,13,26] ; V1: [0,11,19,7,10,20,9,1,26] ; V2: [0,18,8,17,6,26] ; V3: [0,2,21,12,3,24,25,4,26] | V47: 46109.367
A48: tam25_cap200_tabu0_inst0_cons1 | B48: instancias/r110,txt | C48: 0 | D48: 0 | E48: 1 | F48: 25 | G48: 27 | H48: 4 | I48: 200 | J48: 0 | K48: PD | L48: 1201.6729 | M48: 484.5398 | N48: =N49 -> 444.8 | O48: 445.8722 | P48: =(O48-N48)/O48 -> 0.0024047249 | R48: 99 | S48: 1744 | T48: SEM_SEQUENCIA_EXATO | U48: V0: [0,18,8,17,6,26] ; V1: [0,5,16,14,15,22,23,13,26] ; V2: [0,2,21,12,3,24,25,4,26] ; V3: [0,11,19,7,10,20,9,1,26] | V48: 46109.373
A49: tam25_cap200_tabu0_inst0_cons2 | B49: instancias/r110,txt | C49: 0 | D49: 0 | E49: 2 | F49: 25 | G49: 27 | H49: 4 | I49: 200 | J49: 0 | K49: PD | L49: 1201.6729 | M49: 952.6015 | N49: =N51 -> 444.8 | O49: 445.8722 | P49: =(O49-N49)/O49 -> 0.0024047249 | R49: 131 | S49: 2424 | T49: SEM_SEQUENCIA_EXATO | U49: V0: [0,18,8,17,6,26] ; V1: [0,5,16,14,15,22,23,13,26] ; V2: [0,11,19,7,10,20,9,1,26] ; V3: [0,2,21,12,3,24,25,4,26] | V49: 46109.384
A50: tam25_cap200_tabu0_inst0_cons3 | B50: instancias/r110,txt | C50: 0 | D50: 0 | E50: 3 | F50: 25 | G50: 27 | H50: 4 | I50: 200 | J50: 0 | K50: PD | L50: 1201.6729 | M50: 285.8956 | N50: =N51 -> 444.8 | O50: 463.7544 | P50: =(O50-N50)/O50 -> 0.040871634 | R50: 641 | S50: 3308 | T50: SEM_SEQUENCIA_EXATO | U50: V0: [0,5,16,14,15,22,23,25,26] ; V1: [0,21,2,6,18,8,17,13,26] ; V2: [0,11,19,7,10,20,9,1,26] ; V3: [0,12,3,24,4,26] | V50: 46109.387
A51: tam25_cap200_tabu0_inst0_cons22 | B51: instancias/r110,txt | C51: 0 | D51: 0 | E51: 22 | F51: 25 | G51: 27 | H51: 4 | I51: 200 | J51: 0 | K51: PD | L51: 1201.6729 | M51: 3602.4666 | N51: =N95 -> 444.8 | O51: 445.8722 | P51: =(O51-N51)/O51 -> 0.0024047249 | R51: 989 | S51: 908 | T51: SEM_SEQUENCIA_EXATO | U51: V0: [0,5,16,14,15,22,23,13,26] ; V1: [0,18,8,17,6,26] ; V2: [0,11,19,7,10,20,9,1,26] ; V3: [0,2,21,12,3,24,25,4,26] | V51: 46109.429
A52: tam25_cap200_tabu0_inst0_cons0 | B52: instancias/r111,txt | C52: 0 | D52: 0 | E52: 0 | F52: 25 | G52: 27 | H52: 4 | I52: 200 | J52: 0 | K52: PD | L52: 1201.3062 | M52: 491.4945 | N52: =N53 -> 428.8 | O52: 429.6968 | P52: =(O52-N52)/O52 -> 0.002087053 | Q52: 0 | R52: 33 | S52: 1356 | T52: V0: [0,6,14,16,17,5,26] ; V1: [0,2,15,23,22,21,4,25,24,26] ; V2: [0,3,9,20,10,1,12,26] ; V3: [0,7,11,19,8,18,13,26] | U52: V0: [0,2,15,14,16,6,13,26] ; V1: [0,7,11,19,8,18,17,5,26] ; V2: [0,21,23,22,4,25,24,26] ; V3: [0,12,3,9,20,10,1,26] | V52: 46109.449
A53: tam25_cap200_tabu0_inst0_cons1 | B53: instancias/r111,txt | C53: 0 | D53: 0 | E53: 1 | F53: 25 | G53: 27 | H53: 4 | I53: 200 | J53: 0 | K53: PD | L53: 1201.3062 | M53: 294.9593 | N53: =N54 -> 428.8 | O53: 429.6968 | P53: =(O53-N53)/O53 -> 0.002087053 | Q53: 0 | R53: 23 | S53: 1972 | T53: V0: [0,6,14,16,17,5,26] ; V1: [0,2,15,23,22,21,4,25,24,26] ; V2: [0,3,9,20,10,1,12,26] ; V3: [0,7,11,19,8,18,13,26] | U53: V0: [0,7,11,19,8,18,17,5,26] ; V1: [0,21,23,22,4,25,24,26] ; V2: [0,12,3,9,20,10,1,26] ; V3: [0,2,15,14,16,6,13,26] | V53: 46109.452
A54: tam25_cap200_tabu0_inst0_cons2 | B54: instancias/r111,txt | C54: 0 | D54: 0 | E54: 2 | F54: 25 | G54: 27 | H54: 4 | I54: 200 | J54: 0 | K54: PD | L54: 1201.3062 | M54: 347.7278 | N54: =N55 -> 428.8 | O54: 429.6968 | P54: =(O54-N54)/O54 -> 0.002087053 | Q54: 0 | R54: 23 | S54: 1864 | T54: V0: [0,6,14,16,17,5,26] ; V1: [0,2,15,23,22,21,4,25,24,26] ; V2: [0,3,9,20,10,1,12,26] ; V3: [0,7,11,19,8,18,13,26] | U54: V0: [0,2,15,14,16,6,13,26] ; V1: [0,12,3,9,20,10,1,26] ; V2: [0,21,23,22,4,25,24,26] ; V3: [0,7,11,19,8,18,17,5,26] | V54: 46109.456
A55: tam25_cap200_tabu0_inst0_cons3 | B55: instancias/r111,txt | C55: 0 | D55: 0 | E55: 3 | F55: 25 | G55: 27 | H55: 4 | I55: 200 | J55: 0 | K55: PD | L55: 1201.3062 | M55: 284.0919 | N55: =N56 -> 428.8 | O55: 445.8037 | P55: =(O55-N55)/O55 -> 0.038141675 | Q55: 0 | R55: 309 | S55: 4940 | T55: V0: [0,6,14,16,17,5,26] ; V1: [0,2,15,23,22,21,4,25,24,26] ; V2: [0,3,9,20,10,1,12,26] ; V3: [0,7,11,19,8,18,13,26] | U55: V0: [0,21,15,23,22,4,25,24,26] ; V1: [0,6,16,14,2,13,26] ; V2: [0,12,3,9,20,10,1,26] ; V3: [0,7,11,19,8,18,17,5,26] | V55: 46109.459
A56: tam25_cap200_tabu0_inst0_cons22 | B56: instancias/r111,txt | C56: 0 | D56: 0 | E56: 22 | F56: 25 | G56: 27 | H56: 4 | I56: 200 | J56: 0 | K56: PD | L56: 1201.3062 | M56: 710.8497 | N56: =N96 -> 428.8 | O56: 429.6968 | P56: =(O56-N56)/O56 -> 0.002087053 | Q56: 0 | R56: 35 | S56: 604 | T56: V0: [0,6,14,16,17,5,26] ; V1: [0,2,15,23,22,21,4,25,24,26] ; V2: [0,3,9,20,10,1,12,26] ; V3: [0,7,11,19,8,18,13,26] | U56: V0: [0,12,3,9,20,10,1,26] ; V1: [0,2,15,14,16,6,13,26] ; V2: [0,7,11,19,8,18,17,5,26] ; V3: [0,21,23,22,4,25,24,26] | V56: 46109.467
A57: tam25_cap200_tabu0_inst0_cons0 | B57: instancias/r112,txt | C57: 0 | D57: 0 | E57: 0 | F57: 25 | G57: 27 | H57: 4 | I57: 200 | J57: 0 | K57: PD | L57: 1201.257 | M57: 2295.7178 | N57: 394.1013 | O57: 396.9838 | P57: =(O57-N57)/O57 -> 0.0072610016 | Q57: 0 | R57: 489 | S57: 2204 | T57: V0: [0,18,8,7,19,11,10,26] ; V1: [0,21,22,23,4,25,24,26] ; V2: [0,2,15,14,16,17,5,6,13,26] ; V3: [0,12,3,9,20,1,26] | U57: V0: [0,13,21,22,23,25,4,26] ; V1: [0,2,15,14,16,17,5,6,26] ; V2: [0,12,24,3,9,20,1,26] ; V3: [0,18,8,7,19,11,10,26] | V57: 46109.508
A58: tam25_cap200_tabu0_inst0_cons1 | B58: instancias/r112,txt | C58: 0 | D58: 0 | E58: 1 | F58: 25 | G58: 27 | H58: 4 | I58: 200 | J58: 0 | K58: PD | L58: 1201.257 | M58: 2191.9139 | N58: 394.1013 | O58: 396.9838 | P58: =(O58-N58)/O58 -> 0.0072610016 | Q58: 0 | R58: 293 | S58: 2900 | T58: V0: [0,18,8,7,19,11,10,26] ; V1: [0,21,22,23,4,25,24,26] ; V2: [0,2,15,14,16,17,5,6,13,26] ; V3: [0,12,3,9,20,1,26] | U58: V0: [0,12,24,3,9,20,1,26] ; V1: [0,18,8,7,19,11,10,26] ; V2: [0,13,21,22,23,25,4,26] ; V3: [0,2,15,14,16,17,5,6,26] | V58: 46109.533
A59: tam25_cap200_tabu0_inst0_cons2 | B59: instancias/r112,txt | C59: 0 | D59: 0 | E59: 2 | F59: 25 | G59: 27 | H59: 4 | I59: 200 | J59: 0 | K59: PD | L59: 1201.257 | M59: 1488.6919 | N59: 394.1013 | O59: 394.1013 | P59: =(O59-N59)/O59 -> 0 | Q59: 1 | R59: 147 | S59: 2548 | T59: V0: [0,18,8,7,19,11,10,26] ; V1: [0,21,22,23,4,25,24,26] ; V2: [0,2,15,14,16,17,5,6,13,26] ; V3: [0,12,3,9,20,1,26] | U59: V0: [0,2,15,14,16,17,5,6,13,26] ; V1: [0,12,3,9,20,1,26] ; V2: [0,21,22,23,4,25,24,26] ; V3: [0,18,8,7,19,11,10,26] | V59: 46109.551
A60: tam25_cap200_tabu0_inst0_cons3 | B60: instancias/r112,txt | C60: 0 | D60: 0 | E60: 3 | F60: 25 | G60: 27 | H60: 4 | I60: 200 | J60: 0 | K60: PD | L60: 1201.257 | M60: 67.7074 | N60: 394.1013 | O60: 394.1013 | P60: =(O60-N60)/O60 -> 0 | Q60: 1 | R60: 75 | S60: 1708 | T60: V0: [0,18,8,7,19,11,10,26] ; V1: [0,21,22,23,4,25,24,26] ; V2: [0,2,15,14,16,17,5,6,13,26] ; V3: [0,12,3,9,20,1,26] | U60: V0: [0,2,15,14,16,17,5,6,13,26] ; V1: [0,12,3,9,20,1,26] ; V2: [0,21,22,23,4,25,24,26] ; V3: [0,18,8,7,19,11,10,26] | V60: 46109.551
A61: tam25_cap200_tabu0_inst0_cons22 | B61: instancias/r112,txt | C61: 0 | D61: 0 | E61: 22 | F61: 25 | G61: 27 | H61: 4 | I61: 200 | J61: 0 | K61: PD | L61: 1201.257 | M61: 3601.7314 | N61: 394.1013 | O61: =N61 -> 394.1013 | P61: =(O61-N61)/O61 -> 0 | R61: 0 | S61: 0 | T61: V0: [0,18,8,7,19,11,10,26] ; V1: [0,21,22,23,4,25,24,26] ; V2: [0,2,15,14,16,17,5,6,13,26] ; V3: [0,12,3,9,20,1,26] | U61: SEM_SEQUENCIA_BP | V61: 46109.593
A62: tam25_cap200_tabu0_inst0_cons0 | B62: instancias/c201,txt | C62: 0 | D62: 0 | E62: 0 | F62: 25 | G62: 27 | H62: 3 | I62: 200 | J62: 0 | K62: PD | L62: 4.4667 | M62: 3605.6968 | N62: 268.5325 | O62: 273.7812 | P62: =(O62-N62)/O62 -> 0.019171148 | Q62: 0 | R62: 77 | S62: 5121 | T62: V0: [0,20,22,24,6,25,9,11,10,8,21,26] ; V1: [0,23,18,19,16,14,12,15,17,13,26] ; V2: [0,5,2,1,7,3,4,26] | U62: V0: [0,16,14,12,15,25,21,26] ; V1: [0,5,2,1,7,3,4,26] ; V2: [0,20,22,24,6,23,18,19,17,13,9,11,10,8,26] | V62: 46109.635
A63: tam25_cap200_tabu0_inst0_cons1 | B63: instancias/c201,txt | C63: 0 | D63: 0 | E63: 1 | F63: 25 | G63: 27 | H63: 3 | I63: 200 | J63: 0 | K63: PD | L63: 4.4667 | M63: 3521.4808 | N63: 268.5325 | O63: 268.8531 | P63: =(O63-N63)/O63 -> 0.0011924728 | Q63: 0 | R63: 803 | S63: 3870 | T63: V0: [0,20,22,24,6,25,9,11,10,8,21,26] ; V1: [0,23,18,19,16,14,12,15,17,13,26] ; V2: [0,5,2,1,7,3,4,26] | U63: V0: [0,5,2,1,7,3,4,26] ; V1: [0,20,22,24,6,23,18,17,25,21,26] ; V2: [0,19,16,14,12,15,13,9,11,10,8,26] | V63: 46109.676
A64: tam25_cap200_tabu0_inst0_cons2 | B64: instancias/c201,txt | C64: 0 | D64: 0 | E64: 2 | F64: 25 | G64: 27 | H64: 3 | I64: 200 | J64: 0 | K64: PD | L64: 4.4667 | M64: 2583.7684 | N64: 268.5325 | O64: 268.8531 | P64: =(O64-N64)/O64 -> 0.0011924728 | Q64: 0 | R64: 89 | S64: 2421 | T64: V0: [0,20,22,24,6,25,9,11,10,8,21,26] ; V1: [0,23,18,19,16,14,12,15,17,13,26] ; V2: [0,5,2,1,7,3,4,26] | U64: V0: [0,5,2,1,7,3,4,26] ; V1: [0,19,16,14,12,15,13,9,11,10,8,26] ; V2: [0,20,22,24,6,23,18,17,25,21,26] | V64: 46109.706
A65: tam25_cap200_tabu0_inst0_cons3 | B65: instancias/c201,txt | C65: 0 | D65: 0 | E65: 3 | F65: 25 | G65: 27 | H65: 3 | I65: 200 | J65: 0 | K65: PD | L65: 4.4667 | M65: 1496.4501 | N65: 268.5325 | O65: 291.2087 | P65: =(O65-N65)/O65 -> 0.077869239 | Q65: 0 | R65: 3207 | S65: 12054 | T65: V0: [0,20,22,24,6,25,9,11,10,8,21,26] ; V1: [0,23,18,19,16,14,12,15,17,13,26] ; V2: [0,5,2,1,7,3,4,26] | U65: V0: [0,20,22,24,21,26] ; V1: [0,6,23,18,19,15,17,13,25,11,26] ; V2: [0,5,2,1,7,3,4,16,14,12,9,10,8,26] | V65: 46109.723
A66: tam25_cap200_tabu0_inst0_cons22 | B66: instancias/c201,txt | C66: 0 | D66: 0 | E66: 22 | F66: 25 | G66: 27 | H66: 3 | I66: 200 | J66: 0 | K66: PD | L66: 4.4667 | M66: 3727.0759 | N66: 268.5325 | O66: 272.4131 | P66: =(O66-N66)/O66 -> 0.014245277 | Q66: 0 | R66: 64 | S66: 1431 | T66: V0: [0,20,22,24,6,25,9,11,10,8,21,26] ; V1: [0,23,18,19,16,14,12,15,17,13,26] ; V2: [0,5,2,1,7,3,4,26] | U66: V0: [0,5,2,1,7,3,4,26] ; V1: [0,19,16,14,12,15,13,9,11,10,8,26] ; V2: [0,22,20,24,6,23,18,17,25,21,26] | V66: 46109.766
A67: tam25_cap200_tabu0_inst0_cons0 | B67: instancias/c202,txt | C67: 0 | D67: 0 | E67: 0 | F67: 25 | G67: 27 | H67: 3 | I67: 200 | J67: 0 | K67: PD | L67: 1202.4696 | M67: 3999.3001 | N67: 268.9547 | O67: 295.176 | P67: =(O67-N67)/O67 -> 0.088832764 | Q67: 0 | R67: 166 | S67: 2805 | T67: V0: [0,12,16,14,15,13,9,11,10,8,26] ; V1: [0,4,3,7,1,2,5,26] ; V2: [0,20,22,24,6,23,18,19,17,25,21,26] | U67: V0: [0,18,16,14,12,9,11,10,26] ; V1: [0,24,6,23,19,15,17,13,25,8,26] ; V2: [0,20,22,21,5,2,1,7,3,4,26] | V67: 46109.826
A68: tam25_cap200_tabu0_inst0_cons1 | B68: instancias/c202,txt | C68: 0 | D68: 0 | E68: 1 | F68: 25 | G68: 27 | H68: 3 | I68: 200 | J68: 0 | K68: PD | L68: 1202.4696 | M68: 3663.3761 | N68: 268.9547 | O68: 316.627 | P68: =(O68-N68)/O68 -> 0.15056297 | Q68: 0 | R68: 918 | S68: 2691 | T68: V0: [0,12,16,14,15,13,9,11,10,8,26] ; V1: [0,4,3,7,1,2,5,26] ; V2: [0,20,22,24,6,23,18,19,17,25,21,26] | U68: V0: [0,23,18,19,9,11,26] ; V1: [0,20,22,24,6,21,5,2,1,7,3,4,10,8,26] ; V2: [0,12,16,14,15,17,13,25,26] | V68: 46109.869
A69: tam25_cap200_tabu0_inst0_cons2 | B69: instancias/c202,txt | C69: 0 | D69: 0 | E69: 2 | F69: 25 | G69: 27 | H69: 3 | I69: 200 | J69: 0 | K69: PD | L69: 1202.4696 | M69: 3703.0246 | N69: 268.9547 | O69: 282.2679 | P69: =(O69-N69)/O69 -> 0.047165122 | Q69: 0 | R69: 119 | S69: 1872 | T69: V0: [0,12,16,14,15,13,9,11,10,8,26] ; V1: [0,4,3,7,1,2,5,26] ; V2: [0,20,22,24,6,23,18,19,17,25,21,26] | U69: V0: [0,2,1,7,3,4,26] ; V1: [0,20,22,24,6,23,18,19,16,14,12,9,8,26] ; V2: [0,21,15,17,13,25,11,10,5,26] | V69: 46109.911
A70: tam25_cap200_tabu0_inst0_cons3 | B70: instancias/c202,txt | C70: 0 | D70: 0 | E70: 3 | F70: 25 | G70: 27 | H70: 3 | I70: 200 | J70: 0 | K70: PD | L70: 1202.4696 | M70: 3633.8025 | N70: 268.9547 | O70: =N70 -> 268.9547 | P70: =(O70-N70)/O70 -> 0 | R70: 0 | S70: 0 | T70: V0: [0,12,16,14,15,13,9,11,10,8,26] ; V1: [0,4,3,7,1,2,5,26] ; V2: [0,20,22,24,6,23,18,19,17,25,21,26] | U70: SEM_SEQUENCIA_BP | V70: 46109.953
A71: tam25_cap200_tabu0_inst0_cons22 | B71: instancias/c202,txt | C71: 0 | D71: 0 | E71: 22 | F71: 25 | G71: 27 | H71: 3 | I71: 200 | J71: 0 | K71: PD | L71: 1202.4696 | M71: 3985.5626 | N71: 268.9547 | O71: =N71 -> 268.9547 | P71: =(O71-N71)/O71 -> 0 | R71: 0 | S71: 0 | T71: V0: [0,12,16,14,15,13,9,11,10,8,26] ; V1: [0,4,3,7,1,2,5,26] ; V2: [0,20,22,24,6,23,18,19,17,25,21,26] | U71: SEM_SEQUENCIA_BP | V71: 46109.999
A72: tam25_cap200_tabu0_inst0_cons0 | B72: instancias/c203,txt | C72: 0 | D72: 0 | E72: 0 | F72: 25 | G72: 27 | H72: 3 | I72: 200 | J72: 0 | K72: PD | L72: 1203.2062 | M72: 3610.5867 | N72: 268.5325 | O72: 291.3544 | P72: =(O72-N72)/O72 -> 0.078330377 | Q72: 0 | R72: 2880 | S72: 1878 | T72: V0: [0,5,2,1,7,3,4,26] ; V1: [0,23,18,19,16,14,12,15,17,13,26] ; V2: [0,20,22,24,6,25,9,11,10,8,21,26] | U72: V0: [0,9,12,14,16,19,18,26] ; V1: [0,4,3,7,1,2,5,11,10,8,21,26] ; V2: [0,20,22,24,6,23,15,17,13,25,26] | V72: 46110.056
A73: tam25_cap200_tabu0_inst0_cons1 | B73: instancias/c203,txt | C73: 0 | D73: 0 | E73: 1 | F73: 25 | G73: 27 | H73: 3 | I73: 200 | J73: 0 | K73: PD | L73: 1203.2062 | M73: 3786.1477 | N73: 268.5325 | O73: 296.2319 | P73: =(O73-N73)/O73 -> 0.093505797 | Q73: 0 | R73: 43 | S73: 2376 | T73: V0: [0,5,2,1,7,3,4,26] ; V1: [0,23,18,19,16,14,12,15,17,13,26] ; V2: [0,20,22,24,6,25,9,11,10,8,21,26] | U73: V0: [0,21,22,6,26] ; V1: [0,20,24,23,18,19,16,15,17,25,26] ; V2: [0,5,2,3,7,4,1,14,12,13,9,11,10,8,26] | V73: 46110.099
A74: tam25_cap200_tabu0_inst0_cons2 | B74: instancias/c203,txt | C74: 0 | D74: 0 | E74: 2 | F74: 25 | G74: 27 | H74: 3 | I74: 200 | J74: 0 | K74: PD | L74: 1203.2062 | M74: 4212.7162 | N74: 268.5325 | O74: 278.2214 | P74: =(O74-N74)/O74 -> 0.034824424 | Q74: 0 | R74: 261 | S74: 2247 | T74: V0: [0,5,2,1,7,3,4,26] ; V1: [0,23,18,19,16,14,12,15,17,13,26] ; V2: [0,20,22,24,6,25,9,11,10,8,21,26] | U74: V0: [0,15,19,16,14,12,9,26] ; V1: [0,20,22,24,6,23,18,17,13,25,21,26] ; V2: [0,4,3,7,1,2,5,11,10,8,26] | V74: 46110.148
A75: tam25_cap200_tabu0_inst0_cons3 | B75: instancias/c203,txt | C75: 0 | D75: 0 | E75: 3 | F75: 25 | G75: 27 | H75: 3 | I75: 200 | J75: 0 | K75: PD | L75: 1203.2062 | M75: 3613.5973 | N75: 268.5325 | O75: 291.0624 | P75: =(O75-N75)/O75 -> 0.077405738 | Q75: 0 | R75: 1266 | S75: 8190 | T75: V0: [0,5,2,1,7,3,4,26] ; V1: [0,23,18,19,16,14,12,15,17,13,26] ; V2: [0,20,22,24,6,25,9,11,10,8,21,26] | U75: V0: [0,23,15,17,13,25,9,11,10,5,8,26] ; V1: [0,20,22,24,6,26] ; V2: [0,21,18,19,16,14,12,2,1,7,3,4,26] | V75: 46110.19
A76: tam25_cap200_tabu0_inst0_cons22 | B76: instancias/c203,txt | C76: 0 | D76: 0 | E76: 22 | F76: 25 | G76: 27 | H76: 3 | I76: 200 | J76: 0 | K76: PD | L76: 1203 | M76: 4555 | N76: 268.5325 | O76: =N76 -> 268.5325 | P76: =(O76-N76)/O76 -> 0 | R76: 0 | S76: 0 | T76: V0: [0,5,2,1,7,3,4,26] ; V1: [0,23,18,19,16,14,12,15,17,13,26] ; V2: [0,20,22,24,6,25,9,11,10,8,21,26] | U76: SEM_SEQUENCIA_BP | V76: 46110.242
A77: tam25_cap200_tabu0_inst0_cons10 | B77: instancias/c101N,txt | C77: 0 | D77: 0 | E77: 10 | F77: 25 | G77: 27 | H77: 3 | I77: 200 | J77: 0 | K77: PD | L77: 137.8427 | M77: 108.4146 | N77: 191.8136 | O77: 191.8136 | P77: =(O77-N77)/O77 -> 0 | Q77: 1 | R77: 1 | S77: 975 | T77: V0: [0,13,17,18,19,15,16,14,12,26] ; V1: [0,20,24,25,23,22,21,26] ; V2: [0,5,3,7,8,10,11,9,6,4,2,1,26] | U77: V0: [0,5,3,7,8,10,11,9,6,4,2,1,26] ; V1: [0,20,24,25,23,22,21,26] ; V2: [0,13,17,18,19,15,16,14,12,26] | V77: 46108.692
A78: tam25_cap200_tabu0_inst0_cons10 | B78: instancias/c102,txt | C78: 0 | D78: 0 | E78: 10 | F78: 25 | G78: 27 | H78: 3 | I78: 200 | J78: 0 | K78: PD | L78: 23.4754 | M78: 257.8523 | N78: 190.7376 | O78: 190.7376 | P78: =(O78-N78)/O78 -> 0 | Q78: 1 | R78: 1 | S78: 1506 | T78: V0: [0,7,8,10,11,9,6,4,2,1,3,5,26] ; V1: [0,20,24,25,23,22,21,26] ; V2: [0,13,17,18,19,15,16,14,12,26] | U78: V0: [0,13,17,18,19,15,16,14,12,26] ; V1: [0,20,24,25,23,22,21,26] ; V2: [0,7,8,10,11,9,6,4,2,1,3,5,26] | V78: 46108.696
A79: tam25_cap200_tabu0_inst0_cons10 | B79: instancias/c103,txt | C79: 0 | D79: 0 | E79: 10 | F79: 25 | G79: 27 | H79: 3 | I79: 200 | J79: 0 | K79: PD | L79: 1202.204 | M79: 639.0834 | N79: 190.7376 | O79: 190.7376 | P79: =(O79-N79)/O79 -> 0 | Q79: 1 | R79: 1 | S79: 1506 | T79: V0: [0,20,24,25,23,22,21,26] ; V1: [0,13,17,18,19,15,16,14,12,26] ; V2: [0,7,8,10,11,9,6,4,2,1,3,5,26] | U79: V0: [0,13,17,18,19,15,16,14,12,26] ; V1: [0,7,8,10,11,9,6,4,2,1,3,5,26] ; V2: [0,20,24,25,23,22,21,26] | V79: 46108.717
A80: tam25_cap200_tabu0_inst0_cons10 | B80: instancias/c104,txt | C80: 0 | D80: 0 | E80: 10 | F80: 25 | G80: 27 | H80: 3 | I80: 200 | J80: 0 | K80: PD | L80: 1202.261 | M80: 737.4562 | N80: 187.4495 | O80: 187.4495 | P80: =(O80-N80)/O80 -> 0 | Q80: 1 | R80: 1 | S80: 1506 | T80: V0: [0,7,8,11,9,6,4,2,1,3,5,26] ; V1: [0,20,24,25,23,22,21,26] ; V2: [0,13,17,18,19,15,16,14,12,10,26] | U80: V0: [0,7,8,11,9,6,4,2,1,3,5,26] ; V1: [0,20,24,25,23,22,21,26] ; V2: [0,13,17,18,19,15,16,14,12,10,26] | V80: 46108.74
A81: tam25_cap200_tabu0_inst0_cons10 | B81: instancias/c105,txt | C81: 0 | D81: 0 | E81: 10 | F81: 25 | G81: 27 | H81: 3 | I81: 200 | J81: 0 | K81: PD | L81: 1.2136 | M81: 273.0153 | N81: 191.8136 | O81: 191.8136 | P81: =(O81-N81)/O81 -> 0 | Q81: 1 | R81: 1 | S81: 1422 | T81: V0: [0,13,17,18,19,15,16,14,12,26] ; V1: [0,5,3,7,8,10,11,9,6,4,2,1,26] ; V2: [0,20,24,25,23,22,21,26] | U81: V0: [0,13,17,18,19,15,16,14,12,26] ; V1: [0,20,24,25,23,22,21,26] ; V2: [0,5,3,7,8,10,11,9,6,4,2,1,26] | V81: 46108.743
A82: tam25_cap200_tabu0_inst0_cons10 | B82: instancias/c106,txt | C82: 0 | D82: 0 | E82: 10 | F82: 25 | G82: 27 | H82: 3 | I82: 200 | J82: 0 | K82: PD | L82: 0.6906 | M82: 186.0802 | N82: 191.8136 | O82: 191.8136 | P82: =(O82-N82)/O82 -> 0 | Q82: 1 | R82: 1 | S82: 1077 | T82: V0: [0,20,24,25,23,22,21,26] ; V1: [0,5,3,7,8,10,11,9,6,4,2,1,26] ; V2: [0,13,17,18,19,15,16,14,12,26] | U82: V0: [0,5,3,7,8,10,11,9,6,4,2,1,26] ; V1: [0,13,17,18,19,15,16,14,12,26] ; V2: [0,20,24,25,23,22,21,26] | V82: 46108.745
A83: tam25_cap200_tabu0_inst0_cons10 | B83: instancias/c107,txt | C83: 0 | D83: 0 | E83: 10 | F83: 25 | G83: 27 | H83: 3 | I83: 200 | J83: 0 | K83: PD | L83: 1.2505 | M83: 240.0923 | N83: 191.8136 | O83: 191.8136 | P83: =(O83-N83)/O83 -> 0 | Q83: 1 | R83: 1 | S83: 1506 | T83: V0: [0,5,3,7,8,10,11,9,6,4,2,1,26] ; V1: [0,13,17,18,19,15,16,14,12,26] ; V2: [0,20,24,25,23,22,21,26] | U83: V0: [0,13,17,18,19,15,16,14,12,26] ; V1: [0,20,24,25,23,22,21,26] ; V2: [0,5,3,7,8,10,11,9,6,4,2,1,26] | V83: 46108.748
A84: tam25_cap200_tabu0_inst0_cons10 | B84: instancias/c108,txt | C84: 0 | D84: 0 | E84: 10 | F84: 25 | G84: 27 | H84: 3 | I84: 200 | J84: 0 | K84: PD | L84: 23.6169 | M84: 375.6112 | N84: 191.8136 | O84: 191.8136 | P84: =(O84-N84)/O84 -> 0 | Q84: 1 | R84: 1 | S84: 1506 | T84: V0: [0,20,24,25,23,22,21,26] ; V1: [0,13,17,18,19,15,16,14,12,26] ; V2: [0,5,3,7,8,10,11,9,6,4,2,1,26] | U84: V0: [0,13,17,18,19,15,16,14,12,26] ; V1: [0,5,3,7,8,10,11,9,6,4,2,1,26] ; V2: [0,20,24,25,23,22,21,26] | V84: 46108.753
A85: tam25_cap200_tabu0_inst0_cons10 | B85: instancias/c109,txt | C85: 0 | D85: 0 | E85: 10 | F85: 25 | G85: 27 | H85: 3 | I85: 200 | J85: 0 | K85: PD | L85: 1201.467 | M85: 152.2066 | N85: 191.8136 | O85: 198.3001 | P85: =(O85-N85)/O85 -> 0.032710523 | Q85: 0 | R85: 1 | S85: 1506 | T85: V0: [0,5,3,7,8,10,11,9,6,4,2,1,26] ; V1: [0,20,24,25,23,22,21,26] ; V2: [0,13,17,18,19,15,16,14,12,26] | U85: V0: [0,3,13,17,18,19,15,16,14,12,26] ; V1: [0,20,24,25,23,22,21,26] ; V2: [0,5,7,8,10,11,9,6,4,2,1,26] | V85: 46108.768
A86: tam25_cap200_tabu0_inst0_cons10 | B86: instancias/r101,txt | C86: 0 | D86: 0 | E86: 10 | F86: 25 | G86: 27 | H86: 8 | I86: 200 | J86: 0 | K86: PD | L86: 0.7396 | M86: 25.3171 | N86: 618.3299 | O86: 618.3299 | P86: =(O86-N86)/O86 -> 0 | Q86: 1 | R86: 1 | S86: 1176 | T86: V0: [0,12,9,20,1,26] ; V1: [0,11,19,10,26] ; V2: [0,18,26] ; V3: [0,23,22,4,26] ; V4: [0,7,8,17,26] ; V5: [0,5,16,6,26] ; V6: [0,2,21,3,24,25,26] ; V7: [0,14,15,13,26] | U86: V0: [0,12,9,20,1,26] ; V1: [0,7,8,17,26] ; V2: [0,23,22,4,26] ; V3: [0,2,21,3,24,25,26] ; V4: [0,14,15,13,26] ; V5: [0,18,26] ; V6: [0,11,19,10,26] ; V7: [0,5,16,6,26] | V86: 46107.819
A87: tam25_cap200_tabu0_inst0_cons10 | B87: instancias/r102,txt | C87: 0 | D87: 0 | E87: 10 | F87: 25 | G87: 27 | H87: 7 | I87: 200 | J87: 0 | K87: PD | L87: 1200.9863 | M87: 1620.0409 | N87: 548.1078 | O87: 548.1078 | P87: =(O87-N87)/O87 -> 0 | Q87: 1 | R87: 2585 | S87: 2170 | T87: V0: [0,14,16,6,13,26] ; V1: [0,3,9,20,1,26] ; V2: [0,7,11,19,10,26] ; V3: [0,2,15,22,4,25,26] ; V4: [0,18,26] ; V5: [0,8,17,5,26] ; V6: [0,21,23,24,12,26] | U87: V0: [0,3,9,20,1,26] ; V1: [0,8,17,5,26] ; V2: [0,21,23,24,12,26] ; V3: [0,7,11,19,10,26] ; V4: [0,18,26] ; V5: [0,14,16,6,13,26] ; V6: [0,2,15,22,4,25,26] | V87: 46107.852
A88: tam25_cap200_tabu0_inst0_cons10 | B88: instancias/r103,txt | C88: 0 | D88: 0 | E88: 10 | F88: 25 | G88: 27 | H88: 5 | I88: 200 | J88: 0 | K88: PD | L88: 1201.1936 | M88: 185.2481 | N88: =N109 -> 454.6 | O88: 455.6982 | P88: =(O88-N88)/O88 -> 0.0024099283 | Q88: 0 | R88: 1 | S88: 1525 | T88: V0: [0,7,19,11,10,26] ; V1: [0,2,21,23,22,4,25,26] ; V2: [0,14,15,6,13,26] ; V3: [0,1,20,9,3,24,12,26] ; V4: [0,18,8,17,16,5,26] | U88: V0: [0,12,24,3,9,10,20,1,26] ; V1: [0,21,23,22,4,25,26] ; V2: [0,7,19,11,8,18,26] ; V3: [0,2,15,14,16,17,5,26] ; V4: [0,6,13,26] | V88: 46107.868
A89: tam25_cap200_tabu0_inst0_cons10 | B89: instancias/r104,txt | C89: 0 | D89: 0 | E89: 10 | F89: 25 | G89: 27 | H89: 4 | I89: 200 | J89: 0 | K89: PD | L89: 1201.6167 | M89: 162.7161 | N89: =N110 -> 416.9 | O89: 417.9612 | P89: =(O89-N89)/O89 -> 0.0025389917 | Q89: 0 | R89: 3 | S89: 1732 | T89: V0: [0,15,16,14,13,26] ; V1: [0,21,22,23,4,2,6,26] ; V2: [0,7,19,11,8,17,5,18,26] ; V3: [0,1,10,20,9,3,24,25,12,26] | U89: V0: [0,12,24,3,9,20,10,1,26] ; V1: [0,2,15,14,16,17,5,26] ; V2: [0,7,19,11,8,18,6,13,26] ; V3: [0,21,22,23,4,25,26] | V89: 46107.884
A90: tam25_cap200_tabu0_inst0_cons10 | B90: instancias/r105,txt | C90: 0 | D90: 0 | E90: 10 | F90: 25 | G90: 27 | H90: 6 | I90: 200 | J90: 0 | K90: PD | L90: 17.6753 | M90: 45.5649 | N90: =N111 -> 530.5 | O90: 531.5386 | P90: =(O90-N90)/O90 -> 0.0019539503 | Q90: 1 | R90: 1 | S90: 1242 | T90: V0: [0,5,14,16,6,26] ; V1: [0,12,9,3,24,25,26] ; V2: [0,2,15,13,26] ; V3: [0,21,23,22,4,26] ; V4: [0,7,18,8,17,26] ; V5: [0,19,11,10,20,1,26] | U90: V0: [0,19,11,10,20,1,26] ; V1: [0,21,23,22,4,26] ; V2: [0,7,18,8,17,26] ; V3: [0,2,15,13,26] ; V4: [0,12,9,3,24,25,26] ; V5: [0,5,14,16,6,26] | V90: 46107.885
A91: tam25_cap200_tabu0_inst0_cons10 | B91: instancias/r106,txt | C91: 0 | D91: 0 | E91: 10 | F91: 25 | G91: 27 | H91: 5 | I91: 200 | J91: 0 | K91: PD | L91: 1096.8556 | M91: 896.2332 | N91: =N112 -> 465.4 | O91: 466.4802 | P91: =(O91-N91)/O91 -> 0.0023156395 | Q91: 1 | R91: 135 | S91: 2515 | T91: V0: [0,2,15,23,22,4,25,21,26] ; V1: [0,14,16,6,13,26] ; V2: [0,7,19,11,10,26] ; V3: [0,18,8,17,5,26] ; V4: [0,1,9,20,3,24,12,26] | U91: V0: [0,2,15,23,22,4,25,21,26] ; V1: [0,7,19,11,10,26] ; V2: [0,1,9,20,3,24,12,26] ; V3: [0,14,16,6,13,26] ; V4: [0,18,8,17,5,26] | V91: 46107.908
A92: tam25_cap200_tabu0_inst0_cons10 | B92: instancias/r107,txt | C92: 0 | D92: 0 | E92: 10 | F92: 25 | G92: 27 | H92: 4 | I92: 200 | J92: 0 | K92: PD | L92: 1201.4687 | M92: 191.867 | N92: =N113 -> 424.3 | O92: 425.2685 | P92: =(O92-N92)/O92 -> 0.0022773848 | Q92: 0 | R92: 1 | S92: 1816 | T92: V0: [0,6,16,14,13,26] ; V1: [0,18,7,11,19,8,17,5,26] ; V2: [0,2,15,23,22,4,25,21,26] ; V3: [0,12,24,3,9,20,10,1,26] | U92: V0: [0,2,15,14,6,13,26] ; V1: [0,21,23,22,4,25,24,26] ; V2: [0,18,7,11,19,8,17,16,5,26] ; V3: [0,12,3,9,20,10,1,26] | V92: 46107.924
A93: tam25_cap200_tabu0_inst0_cons10 | B93: instancias/r108,txt | C93: 0 | D93: 0 | E93: 10 | F93: 25 | G93: 27 | H93: 4 | I93: 200 | J93: 0 | K93: PD | L93: 1201.4432 | M93: 545.2921 | N93: =N114 -> 397.3 | O93: 398.2947 | P93: =(O93-N93)/O93 -> 0.002497397 | Q93: 1 | R93: 25 | S93: 1920 | T93: V0: [0,21,22,23,4,25,24,26] ; V1: [0,7,10,11,19,8,18,26] ; V2: [0,12,3,9,20,1,26] ; V3: [0,2,15,14,16,17,5,6,13,26] | U93: V0: [0,7,10,11,19,8,18,26] ; V1: [0,2,15,14,16,17,5,6,13,26] ; V2: [0,12,3,9,20,1,26] ; V3: [0,21,22,23,4,25,24,26] | V93: 46107.944
A94: tam25_cap200_tabu0_inst0_cons10 | B94: instancias/r109,txt | C94: 0 | D94: 0 | E94: 10 | F94: 25 | G94: 27 | H94: 5 | I94: 200 | J94: 0 | K94: PD | L94: 69.6229 | M94: 64.655 | N94: =N115 -> 441.3 | O94: 442.6252 | P94: =(O94-N94)/O94 -> 0.0029939552 | Q94: 1 | R94: 1 | S94: 1730 | T94: V0: [0,2,15,14,16,17,13,26] ; V1: [0,5,8,18,6,26] ; V2: [0,21,22,23,4,25,24,26] ; V3: [0,12,3,9,20,1,26] ; V4: [0,7,19,11,10,26] | U94: V0: [0,21,22,23,4,25,24,26] ; V1: [0,12,3,9,20,1,26] ; V2: [0,2,15,14,16,17,13,26] ; V3: [0,5,8,18,6,26] ; V4: [0,7,19,11,10,26] | V94: 46107.946
A95: tam25_cap200_tabu0_inst0_cons10 | B95: instancias/r110,txt | C95: 0 | D95: 0 | E95: 10 | F95: 25 | G95: 27 | H95: 4 | I95: 200 | J95: 0 | K95: PD | L95: 1201.7543 | M95: 1085.352 | N95: =N116 -> 444.8 | O95: 445.8722 | P95: =(O95-N95)/O95 -> 0.0024047249 | R95: 91 | S95: 2664 | T95: SEM_SEQUENCIA_EXATO | U95: V0: [0,11,19,7,10,20,9,1,26] ; V1: [0,18,8,17,6,26] ; V2: [0,2,21,12,3,24,25,4,26] ; V3: [0,5,16,14,15,22,23,13,26] | V95: 46107.972
A96: tam25_cap200_tabu0_inst0_cons10 | B96: instancias/r111,txt | C96: 0 | D96: 0 | E96: 10 | F96: 25 | G96: 27 | H96: 4 | I96: 200 | J96: 0 | K96: PD | L96: 1201.4562 | M96: 313.9361 | N96: =N117 -> 428.8 | O96: 429.6968 | P96: =(O96-N96)/O96 -> 0.002087053 | Q96: 0 | R96: 29 | S96: 1988 | T96: V0: [0,6,14,16,17,5,26] ; V1: [0,2,15,23,22,21,4,25,24,26] ; V2: [0,3,9,20,10,1,12,26] ; V3: [0,7,11,19,8,18,13,26] | U96: V0: [0,7,11,19,8,18,17,5,26] ; V1: [0,12,3,9,20,10,1,26] ; V2: [0,2,15,14,16,6,13,26] ; V3: [0,21,23,22,4,25,24,26] | V96: 46107.99
A97: tam25_cap200_tabu0_inst0_cons10 | B97: instancias/r112,txt | C97: 0 | D97: 0 | E97: 10 | F97: 25 | G97: 27 | H97: 4 | I97: 200 | J97: 0 | K97: PD | L97: 1201.4874 | M97: 3346.43 | N97: 394.1013 | O97: 396.9838 | P97: =(O97-N97)/O97 -> 0.0072610016 | Q97: 0 | R97: 559 | S97: 3936 | T97: V0: [0,18,8,7,19,11,10,26] ; V1: [0,21,22,23,4,25,24,26] ; V2: [0,2,15,14,16,17,5,6,13,26] ; V3: [0,12,3,9,20,1,26] | U97: V0: [0,18,8,7,19,11,10,26] ; V1: [0,2,15,14,16,17,5,6,26] ; V2: [0,12,24,3,9,20,1,26] ; V3: [0,13,21,22,23,25,4,26] | V97: 46108.042
A98: c101N_g10_G50_SM20 | B98: instancias/c101N,txt | C98: 0 | E98: =33 -> 33 | M98: 17.402201 | N98: 191.3 | O98: 191.3 | P98: =(O98-N98)/O98 -> 0
A99: c102_g10_G50_SM20 | B99: instancias/c102,txt | C99: 0 | E99: =E98 -> 33 | M99: 182.77542 | N99: 190.3 | O99: 190.3 | P99: =(O99-N99)/O99 -> 0 | AC99: tam25_cap200_tabu0_inst0_cons10 | AD99: instancias/c101N.txt | AE99: 0 | AF99: 0 | AG99: 10 | AH99: 25 | AI99: 27 | AJ99: 3 | AK99: 200 | AL99: 0 | AM99: PD | AN99: 0.2661 | AO99: 108 | AP99: 1918136 | AQ99: 1918136 | AR99: 0.0 | AS99: 1 | AT99: 1 | AU99: 975 | AV99: V0: [0,13,17,18,19,15,16,14,12,26] ; V1: [0,20,24,25,23,22,21,26] ; V2: [0,5,3,7,8,10,11,9,6,4,2,1,26] | AW99: V0: [0,5,3,7,8,10,11,9,6,4,2,1,26] ; V1: [0,20,24,25,23,22,21,26] ; V2: [0,13,17,18,19,15,16,14,12,26] | AX99: 46113.822
A100: c103_g10_G50_SM20 | B100: instancias/c103,txt | C100: 0 | E100: =E99 -> 33 | M100: 334.36823 | N100: 190.3 | O100: 190.3 | P100: =(O100-N100)/O100 -> 0 | AC100: tam25_cap200_tabu0_inst0_cons10 | AD100: instancias/c102.txt | AE100: 0 | AF100: 0 | AG100: 10 | AH100: 25 | AI100: 27 | AJ100: 3 | AK100: 200 | AL100: 0 | AM100: PD | AN100: 19595 | AO100: 828 | AP100: 1907376 | AQ100: 1907376 | AR100: 0.0 | AS100: 1 | AT100: 1 | AU100: 2391 | AV100: V0: [0,7,8,10,11,9,6,4,2,1,3,5,26] ; V1: [0,20,24,25,23,22,21,26] ; V2: [0,13,17,18,19,15,16,14,12,26] | AW100: V0: [0,13,17,18,19,15,16,14,12,26] ; V1: [0,20,24,25,23,22,21,26] ; V2: [0,7,8,10,11,9,6,4,2,1,3,5,26] | AX100: 46113.831
...

Sheet SM25
A1: run_id | B1: instancia | C1: modo | D1: gamma_ini | E1: gamma_max | F1: sem_melhora | G1: melhor_LB | H1: melhor_UB | I1: gap_final_% | J1: iteracoes | K1: n_colunas_final | M1: Tempos
A2: c101N_g10_G50_SM10 | B2: c101N | C2: SEM_estab | D2: 10 | E2: 50 | F2: 10 | G2: 191.3 | H2: 191.3 | I2: =IFERROR((H2-VLOOKUP(B2,FO_CONHECIDA!$A:$B,2,FALSE))/VLOOKUP(B2,FO_CONHECIDA!$A:$B,2,FALSE),0) -> 0 | J2: 221 | K2: 412 | M2: 78.450451 | R2: Analise final
A3: c101N_g10_G50_SM15 | B3: c101N | C3: SEM_estab | D3: 10 | E3: 50 | F3: 15 | G3: 191.3 | H3: 191.3 | I3: =IFERROR((H3-VLOOKUP(B3,FO_CONHECIDA!$A:$B,2,FALSE))/VLOOKUP(B3,FO_CONHECIDA!$A:$B,2,FALSE),0) -> 0 | J3: 226 | K3: 422 | M3: 87.789192 | R3: Sem Melhora | S3: Gap Médio | T3: Gap Min | U3: Gap Max | V3: Tempo Médio | W3: Ncolunas | X3: Iteracoes
A4: c101N_g10_G50_SM20 | B4: c101N | C4: SEM_estab | D4: 10 | E4: 50 | F4: 20 | G4: 191.3 | H4: 191.3 | I4: =IFERROR((H4-VLOOKUP(B4,FO_CONHECIDA!$A:$B,2,FALSE))/VLOOKUP(B4,FO_CONHECIDA!$A:$B,2,FALSE),0) -> 0 | J4: 231 | K4: 434 | M4: 100.12157 | R4: 10 | S4: =AVERAGEIFS($I:$I,$F:$F,R4) -> 0.097499333 | T4: =_xlfn.MINIFS($I:$I,$F:$F,R4) -> 0 | U4: =_xlfn.MAXIFS($I:$I,$F:$F,R4) -> 0.70310037 | V4: =AVERAGEIFS($M:$M,$F:$F,R4) -> 151.011 | W4: =AVERAGEIFS($K:$K,$F:$F,R4) -> 620.6 | X4: =AVERAGEIFS($J:$J,$F:$F,R4) -> 220.73333
A5: c101N_g10_G50_SM25 | B5: c101N | C5: SEM_estab | D5: 10 | E5: 50 | F5: 25 | G5: 191.3 | H5: 191.3 | I5: =IFERROR((H5-VLOOKUP(B5,FO_CONHECIDA!$A:$B,2,FALSE))/VLOOKUP(B5,FO_CONHECIDA!$A:$B,2,FALSE),0) -> 0 | J5: 236 | K5: 443 | M5: 113.68224 | R5: 15 | S5: =AVERAGEIFS($I:$I,$F:$F,R5) -> 0.052303547 | T5: =_xlfn.MINIFS($I:$I,$F:$F,R5) -> -2.5008103e-16 | U5: =_xlfn.MAXIFS($I:$I,$F:$F,R5) -> 0.39362258 | V5: =AVERAGEIFS($M:$M,$F:$F,R5) -> 169.69999 | W5: =AVERAGEIFS($K:$K,$F:$F,R5) -> 641.13333 | X5: =AVERAGEIFS($J:$J,$F:$F,R5) -> 232.73333
A6: c101N_g10_G50_SM30 | B6: c101N | C6: SEM_estab | D6: 10 | E6: 50 | F6: 30 | G6: 191.3 | H6: 191.3 | I6: =IFERROR((H6-VLOOKUP(B6,FO_CONHECIDA!$A:$B,2,FALSE))/VLOOKUP(B6,FO_CONHECIDA!$A:$B,2,FALSE),0) -> 0 | J6: 241 | K6: 449 | M6: 129.557 | R6: 20 | S6: =AVERAGEIFS($I:$I,$F:$F,R6) -> 0.0075163684 | T6: =_xlfn.MINIFS($I:$I,$F:$F,R6) -> -2.5008103e-16 | U6: =_xlfn.MAXIFS($I:$I,$F:$F,R6) -> 0.058855003 | V6: =AVERAGEIFS($M:$M,$F:$F,R6) -> 269.95351 | W6: =AVERAGEIFS($K:$K,$F:$F,R6) -> 675.53333 | X6: =AVERAGEIFS($J:$J,$F:$F,R6) -> 250.26667
A7: c101N_g10_G50_SM40 | B7: c101N | C7: SEM_estab | D7: 10 | E7: 50 | F7: 40 | G7: 191.3 | H7: 191.3 | I7: =IFERROR((H7-VLOOKUP(B7,FO_CONHECIDA!$A:$B,2,FALSE))/VLOOKUP(B7,FO_CONHECIDA!$A:$B,2,FALSE),0) -> 0 | J7: 242 | K7: 451 | M7: 133.66419 | R7: 25 | S7: =AVERAGEIFS($I:$I,$F:$F,R7) -> 0.0053233149 | T7: =_xlfn.MINIFS($I:$I,$F:$F,R7) -> -2.5008103e-16 | U7: =_xlfn.MAXIFS($I:$I,$F:$F,R7) -> 0.058855003 | V7: =AVERAGEIFS($M:$M,$F:$F,R7) -> 287.06637 | W7: =AVERAGEIFS($K:$K,$F:$F,R7) -> 685.26667 | X7: =AVERAGEIFS($J:$J,$F:$F,R7) -> 254.73333
A8: c101N_g10_G50_SM50 | B8: c101N | C8: SEM_estab | D8: 10 | E8: 50 | F8: 50 | G8: 191.3 | H8: 191.3 | I8: =IFERROR((H8-VLOOKUP(B8,FO_CONHECIDA!$A:$B,2,FALSE))/VLOOKUP(B8,FO_CONHECIDA!$A:$B,2,FALSE),0) -> 0 | J8: 242 | K8: 451 | M8: 134.17439 | R8: 30 | S8: =AVERAGEIFS($I:$I,$F:$F,R8) -> 0.001399648 | T8: =_xlfn.MINIFS($I:$I,$F:$F,R8) -> -2.5008103e-16 | U8: =_xlfn.MAXIFS($I:$I,$F:$F,R8) -> 0.016290068 | V8: =AVERAGEIFS($M:$M,$F:$F,R8) -> 306.44551 | W8: =AVERAGEIFS($K:$K,$F:$F,R8) -> 693.2 | X8: =AVERAGEIFS($J:$J,$F:$F,R8) -> 260.8
A9: c102_g10_G50_SM10 | B9: c102 | C9: SEM_estab | D9: 10 | E9: 50 | F9: 10 | G9: 378.57946 | H9: 324.1 | I9: =IFERROR((H9-VLOOKUP(B9,FO_CONHECIDA!$A:$B,2,FALSE))/VLOOKUP(B9,FO_CONHECIDA!$A:$B,2,FALSE),0) -> 0.70310037 | J9: 495 | K9: 1100 | M9: 110 | R9: 40 | S9: =AVERAGEIFS($I:$I,$F:$F,R9) -> 0.00031364349 | T9: =_xlfn.MINIFS($I:$I,$F:$F,R9) -> -2.5008103e-16 | U9: =_xlfn.MAXIFS($I:$I,$F:$F,R9) -> 0.0047046524 | V9: =AVERAGEIFS($M:$M,$F:$F,R9) -> 314.36897 | W9: =AVERAGEIFS($K:$K,$F:$F,R9) -> 697.46667 | X9: =AVERAGEIFS($J:$J,$F:$F,R9) -> 263.4
A10: c102_g10_G50_SM15 | B10: c102 | C10: SEM_estab | D10: 10 | E10: 50 | F10: 15 | G10: 212.8 | H10: 212.8 | I10: =IFERROR((H10-VLOOKUP(B10,FO_CONHECIDA!$A:$B,2,FALSE))/VLOOKUP(B10,FO_CONHECIDA!$A:$B,2,FALSE),0) -> 0.11823437 | J10: 511 | K10: 1149 | M10: 120 | R10: 50 | S10: =AVERAGEIFS($I:$I,$F:$F,R10) -> 0.00031364349 | T10: =_xlfn.MINIFS($I:$I,$F:$F,R10) -> -2.5008103e-16 | U10: =_xlfn.MAXIFS($I:$I,$F:$F,R10) -> 0.0047046524 | V10: =AVERAGEIFS($M:$M,$F:$F,R10) -> 322.92019 | W10: =AVERAGEIFS($K:$K,$F:$F,R10) -> 701.8 | X10: =AVERAGEIFS($J:$J,$F:$F,R10) -> 265.4
A11: c102_g10_G50_SM20 | B11: c102 | C11: SEM_estab | D11: 10 | E11: 50 | F11: 20 | G11: 190.3 | H11: 190.3 | I11: =IFERROR((H11-VLOOKUP(B11,FO_CONHECIDA!$A:$B,2,FALSE))/VLOOKUP(B11,FO_CONHECIDA!$A:$B,2,FALSE),0) -> 0 | J11: 535 | K11: 1156 | M11: 134.61288
A12: c102_g10_G50_SM25 | B12: c102 | C12: SEM_estab | D12: 10 | E12: 50 | F12: 25 | G12: 190.3 | H12: 190.3 | I12: =IFERROR((H12-VLOOKUP(B12,FO_CONHECIDA!$A:$B,2,FALSE))/VLOOKUP(B12,FO_CONHECIDA!$A:$B,2,FALSE),0) -> 0 | J12: 540 | K12: 1168 | M12: 159.25977
A13: c102_g10_G50_SM30 | B13: c102 | C13: SEM_estab | D13: 10 | E13: 50 | F13: 30 | G13: 190.3 | H13: 190.3 | I13: =IFERROR((H13-VLOOKUP(B13,FO_CONHECIDA!$A:$B,2,FALSE))/VLOOKUP(B13,FO_CONHECIDA!$A:$B,2,FALSE),0) -> 0 | J13: 545 | K13: 1178 | M13: 175.63055
A14: c102_g10_G50_SM40 | B14: c102 | C14: SEM_estab | D14: 10 | E14: 50 | F14: 40 | G14: 190.3 | H14: 190.3 | I14: =IFERROR((H14-VLOOKUP(B14,FO_CONHECIDA!$A:$B,2,FALSE))/VLOOKUP(B14,FO_CONHECIDA!$A:$B,2,FALSE),0) -> 0 | J14: 555 | K14: 1196 | M14: 189.60085
A15: c102_g10_G50_SM50 | B15: c102 | C15: SEM_estab | D15: 10 | E15: 50 | F15: 50 | G15: 190.3 | H15: 190.3 | I15: =IFERROR((H15-VLOOKUP(B15,FO_CONHECIDA!$A:$B,2,FALSE))/VLOOKUP(B15,FO_CONHECIDA!$A:$B,2,FALSE),0) -> 0 | J15: 565 | K15: 1217 | M15: 204.25342
A16: c103_g10_G50_SM10 | B16: c103 | C16: SEM_estab | D16: 10 | E16: 50 | F16: 10 | G16: 193.4 | H16: 193.4 | I16: =IFERROR((H16-VLOOKUP(B16,FO_CONHECIDA!$A:$B,2,FALSE))/VLOOKUP(B16,FO_CONHECIDA!$A:$B,2,FALSE),0) -> 0.016290068 | J16: 397 | K16: 869 | M16: 145.45041
A17: c103_g10_G50_SM15 | B17: c103 | C17: SEM_estab | D17: 10 | E17: 50 | F17: 15 | G17: 193.4 | H17: 193.4 | I17: =IFERROR((H17-VLOOKUP(B17,FO_CONHECIDA!$A:$B,2,FALSE))/VLOOKUP(B17,FO_CONHECIDA!$A:$B,2,FALSE),0) -> 0.016290068 | J17: 402 | K17: 875 | M17: 159.48631
A18: c103_g10_G50_SM20 | B18: c103 | C18: SEM_estab | D18: 10 | E18: 50 | F18: 20 | G18: 193.4 | H18: 193.4 | I18: =IFERROR((H18-VLOOKUP(B18,FO_CONHECIDA!$A:$B,2,FALSE))/VLOOKUP(B18,FO_CONHECIDA!$A:$B,2,FALSE),0) -> 0.016290068 | J18: 407 | K18: 887 | M18: 188.88957
A19: c103_g10_G50_SM25 | B19: c103 | C19: SEM_estab | D19: 10 | E19: 50 | F19: 25 | G19: 193.4 | H19: 193.4 | I19: =IFERROR((H19-VLOOKUP(B19,FO_CONHECIDA!$A:$B,2,FALSE))/VLOOKUP(B19,FO_CONHECIDA!$A:$B,2,FALSE),0) -> 0.016290068 | J19: 412 | K19: 898 | M19: 222.88654
A20: c103_g10_G50_SM30 | B20: c103 | C20: SEM_estab | D20: 10 | E20: 50 | F20: 30 | G20: 193.4 | H20: 193.4 | I20: =IFERROR((H20-VLOOKUP(B20,FO_CONHECIDA!$A:$B,2,FALSE))/VLOOKUP(B20,FO_CONHECIDA!$A:$B,2,FALSE),0) -> 0.016290068 | J20: 417 | K20: 908 | M20: 239.69586
A21: c103_g10_G50_SM40 | B21: c103 | C21: SEM_estab | D21: 10 | E21: 50 | F21: 40 | G21: 190.3 | H21: 190.3 | I21: =IFERROR((H21-VLOOKUP(B21,FO_CONHECIDA!$A:$B,2,FALSE))/VLOOKUP(B21,FO_CONHECIDA!$A:$B,2,FALSE),0) -> 0 | J21: 425 | K21: 922 | M21: 241.20951
A22: c103_g10_G50_SM50 | B22: c103 | C22: SEM_estab | D22: 10 | E22: 50 | F22: 50 | G22: 190.3 | H22: 190.3 | I22: =IFERROR((H22-VLOOKUP(B22,FO_CONHECIDA!$A:$B,2,FALSE))/VLOOKUP(B22,FO_CONHECIDA!$A:$B,2,FALSE),0) -> 0 | J22: 425 | K22: 922 | M22: 231.82367
... A106: r106_g30_G50_SM40 | B106: r106 | C106: SEM_estab | D106: 30 | E106: 50 | F106: 50 | G106: 468.3 | H106: 465.4 | I106: =IFERROR((H106-VLOOKUP(B106,FO_CONHECIDA!$A:$B,2,FALSE))/VLOOKUP(B106,FO_CONHECIDA!$A:$B,2,FALSE),0) -> 0 | J106: 216 | K106: 878 | M106: 1808.5136

Sheet Análise_25nósComSemEstabIntegGe
B1: Branch-and-Price VRPTW — Análise Comparativa · 25 Nós · Solomon
B2: 4 cenários: Estabilização (COM/SEM) × Construtiva (Geométrica/Inteligente) · Configuração escolhida: COM Estab + Inteligente
B4: RESUMO GERAL — 29 Instâncias
B5: Cenário | C5: Ótimos | D5: % Ótimos | E5: Iter. Méd. | F5: Colunas Méd. | G5: |Gap| Méd. | I5: Vence em | J5: Iter. vs melhor | K5: Cols. vs melhor | L5: Decisão
B6: COM Estab + Geo | C6: 26/29 | D6: 0.89655172 | E6: 97.137931 | F6: 356.31034 | G6: 0.00026496552 | J6: -0.21422594 | K6: 0.047652844
B7: COM Estab + Int | C7: 29/29 | D7: 1 | E7: 123.62069 | F7: 340.10345 | G7: 0 | I7: ★ MELHOR | J7: — | K7: — | L7: ESCOLHIDO ✓
B8: SEM Estab + Geo | C8: 25/29 | D8: 0.86206897 | E8: 157.24138 | F8: 533.68966 | G8: 0.0036773571 | J8: 0.27196653 | K8: 0.56919801
B9: SEM Estab + Int | C9: 29/29 | D9: 1 | E9: 187.37931 | F9: 535.86207 | G9: 4.2243134e-05 | J9: 0.51576011 | K9: 0.57558552
B11: CRITÉRIO DE ESCOLHA
B12: Critério | C12: Justificativa
B13: 1. Qualidade (100% ótimos) | C13: Apenas COM_Int e SEM_Int atingem 29/29 ótimos. COM_Geo fica em 26/29 — instâncias r110, r111 e rc101 permanecem abertas.
B14: 2. Pool de colunas (efic.) | C14: COM_Int tem o menor pool com estabilização (340 colunas), 4,5% abaixo do COM_Geo (356). Pools menores são críticos ao escalar para 50/100 nós.
B15: 3. Estabilização (robustez) | C15: A estabilização reduz 34–39% de iterações e 33–37% de colunas em média. SEM_Int também é ótimo, mas usa 57% mais iterações e 57% mais colunas que COM_Int.
B16: 4. Escabilidade | C16: Menor pool por iteração significa menor custo computacional acumulado em instâncias maiores, onde timeout é o principal risco.
B18: MÉDIAS POR FAMÍLIA
B19: Família | C19: Métrica | D19: COM Estab + Geo | E19: COM Estab + Int | F19: SEM Estab + Geo | G19: SEM Estab + Int | H19: Melhor
B20: C (9) | C20: Ótimos (%) | D20: 1 | E20: 1 | F20: 0.88888889 | G20: 1 | H20: COM_Geo
C21: Iterações | D21: 134.22222 | E21: 160.77778 | F21: 196.66667 | G21: 305 | H21: COM_Geo
C22: Colunas | D22: 327.55556 | E22: 324.88889 | F22: 509.22222 | G22: 640.11111 | H22: COM_Int
B24: R (12) | C24: Ótimos (%) | D24: 0.83333333 | E24: 1 | F24: 0.83333333 | G24: 1 | H24: COM_Int
C25: Iterações | D25: 111.33333 | E25: 156.41667 | F25: 177.16667 | G25: 191.08333 | H25: COM_Geo
C26: Colunas | D26: 499.5 | E26: 517.16667 | F26: 717.58333 | G26: 719.58333 | H26: COM_Geo
B28: RC (8) | C28: Ótimos (%) | D28: 0.875 | E28: 1 | F28: 0.875 | G28: 1 | H28: COM_Int
C29: Iterações | D29: 34.125 | E29: 32.625 | F29: 83 | G29: 49.5 | H29: COM_Int
C30: Colunas | D30: 173.875 | E30: 91.625 | F30: 285.375 | G30: 143 | H30: COM_Int
B32: GERAL (29) | C32: Ótimos (%) | D32: 0.89655172 | E32: 1 | F32: 0.86206897 | G32: 1 | H32: COM_Int
C33: Iterações | D33: 97.137931 | E33: 123.62069 | F33: 157.24138 | G33: 187.37931 | H33: COM_Geo
C34: Colunas | D34: 356.31034 | E34: 340.10345 | F34: 533.68966 | G34: 535.86207 | H34: COM_Int
B37: IMPACTO DA ESTABILIZAÇÃO — Redução COM vs SEM (%)
B38: Família | C38: Métrica | D38: COM_Geo | E38: SEM_Geo | F38: Redução (Geo) | G38: COM_Int | H38: SEM_Int | I38: Redução (Int)
B39: C (9) | C39: Iterações | D39: 134.22222 | E39: 196.66667 | F39: 0.31751412 | G39: 160.77778 | H39: 305 | I39: 0.47285974
C40: Colunas | D40: 327.55556 | E40: 509.22222 | F40: 0.35675322 | G40: 324.88889 | H40: 640.11111 | I40: 0.49244923
B42: R (12) | C42: Iterações | D42: 111.33333 | E42: 177.16667 | F42: 0.37158984 | G42: 156.41667 | H42: 191.08333 | I42: 0.18142172
C43: Colunas | D43: 499.5 | E43: 717.58333 | F43: 0.3039136 | G43: 517.16667 | H43: 719.58333 | I43: 0.28129705
B45: RC (8) | C45: Iterações | D45: 34.125 | E45: 83 | F45: 0.58885542 | G45: 32.625 | H45: 49.5 | I45: 0.34090909
C46: Colunas | D46: 173.875 | E46: 285.375 | F46: 0.39071397 | G46: 91.625 | H46: 143 | I46: 0.35926573
B48: GERAL (29) | C48: Iterações | D48: 97.137931 | E48: 157.24138 | F48: 0.38223684 | G48: 123.62069 | H48: 187.37931 | I48: 0.340265
C49: Colunas | D49: 356.31034 | E49: 533.68966 | F49: 0.33236415 | G49: 340.10345 | H49: 535.86207 | I49: 0.36531532
B52: GRÁFICO 1 — % Ótimos por Família e Cenário
B53: Família | C53: COM Estab + Geo | D53: COM Estab + Int | E53: SEM Estab + Geo | F53: SEM Estab + Int
B54: C (9) | C54: 1 | D54: 1 | E54: 0.88888889 | F54: 1
B55: R (12) | C55: 0.83333333 | D55: 1 | E55: 0.83333333 | F55: 1
B56: RC (8) | C56: 0.875 | D56: 1 | E56: 0.875 | F56: 1
B57: Geral (29) | C57: 0.89655172 | D57: 1 | E57: 0.86206897 | F57: 1
B60: GRÁFICO 2 — Iterações e Colunas Médias por Família
B61: Família | C61: COM Estab + Geo | D61: COM Estab + Int | E61: SEM Estab + Geo | F61: SEM Estab + Int | G61: Família | H61: COM Estab + Geo | I61: COM Estab + Int | J61: SEM Estab + Geo | K61: SEM Estab + Int
B62: C (9) | C62: 134.22222 | D62: 160.77778 | E62: 196.66667 | F62: 305 | G62: C (9) | H62: 327.55556 | I62: 324.88889 | J62: 509.22222 | K62: 640.11111
B63: R (12) | C63: 111.33333 | D63: 156.41667 | E63: 177.16667 | F63: 191.08333 | G63: R (12) | H63: 499.5 | I63: 517.16667 | J63: 717.58333 | K63: 719.58333
B64: RC (8) | C64: 34.125 | D64: 32.625 | E64: 83 | F64: 49.5 | G64: RC (8) | H64: 173.875 | I64: 91.625 | J64: 285.375 | K64: 143
B65: Geral (29) | C65: 97.137931 | D65: 123.62069 | E65: 157.24138 | F65: 187.37931 | G65: Geral (29) | H65: 356.31034 | I65: 340.10345 | J65: 533.68966 | K65: 535.86207
B68: INSTÂNCIAS PROBLEMÁTICAS (gap > 0.1%)
B69: Instância | C69: Família | D69: COM Estab + Geo | E69: COM Estab + Int | F69: SEM Estab + Geo | G69: SEM Estab + Int
B70: r106 | C70: R | D70: 0.000% | E70: 0.000% | F70: 0.001345 | G70: 0.000%
B71: r110 | C71: R | D71: 0.0053 | E71: 0.000% | F71: 0.000% | G71: 0.000%
B72: r111 | C72: R | D72: 0.001284 | E72: 0.000% | F72: 0.001284 | G72: 0.000%
B73: rc101 | C73: RC | D73: 0.0011 | E73: 0.000% | F73: 0.000% | G73: 0.000%
B74: rc102 | C74: RC | D74: 0.000% | E74: 0.000% | F74: 0.1 | G74: 0.000%
B77: LEGENDA
B78: COM_Geo | C78: COM Estab + Geo
B79: COM_Int | C79: COM Estab + Int
B80: SEM_Geo | C80: SEM Estab + Geo
B81: SEM_Int | C81: SEM Estab + Int

Sheet FO_CONHECIDA
A1: nos | B1: 25 | D1: nos | E1: 50
A2: instancia | B2: FO | D2: Instancia | E2: Familia | F2: UB_lit | G2: LB_lit | J2: Construtiva 50
A3: c101N | B3: 191.3 | D3: C101N | E3: C | F3: 362.4 | G3: 362.4 | J3: 362.4
A4: c102 | B4: 190.3 | D4: C102 | E4: C | F4: 362.4 | G4: 362.4 | J4: 376.4
A5: c103 | B5: 190.3 | D5: C103 | E5: C | F5: 361.4 | G5: 361.4 | J5: 410.4
A6: c104 | B6: 186.9 | D6: C104 | E6: C | F6: 362.4 | G6: 362.4 | J6: 402.1
A7: c105 | B7: 191.3 | D7: C105 | E7: C | F7: 362.4 | G7: 362.4 | J7: 373.5
A8: c106 | B8: 191.3 | D8: C106 | E8: C | F8: 1044 | G8: 1043.3 | J8: 365.4
A9: c107 | B9: 191.3 | D9: C107 | E9: C | F9: 909 | G9: 909 | J9: 365.2
A10: c108 | B10: 191.3 | D10: C108 | E10: C | F10: 772.9 | G10: 769.2 | J10: 431.3
A11: c109 | B11: 191.3 | D11: C109 | E11: C | F11: 629.4 | G11: 619.1 | J11: 391.1
A12: r101 | B12: 617.1 | D12: R101 | E12: R | F12: 903.7 | G12: 892.1 | J12: 1139.3
A13: r102 | B13: 547.1 | D13: R102 | E13: R | F13: 793 | G13: 791.3 | J13: 946.5
A14: r103 | B14: 454.6 | D14: R103 | E14: R | F14: 711.1 | G14: 707.2 | J14: 911.3
... A31: RC108-25 | B31: 294.5 | D31: RC108 | E31: RC | F31: 1081.1 | G31: 1001.2 | J31: 654.1

Sheet Construtiva50
A1: c101n | B1: | | C1: custo= | D1: 362.4 | E1: | | F1: 0 | G1: art | H1: ✓
A2: c102 | B2: | | C2: custo= | D2: 376.4 | E2: | | F2: 0 | G2: art | H2: ✓
A3: c103 | B3: | | C3: custo= | D3: 410.4 | E3: | | F3: 0 | G3: art | H3: ✓
A4: c104 | B4: | | C4: custo= | D4: 402.1 | E4: | | F4: 0 | G4: art | H4: ✓
A5: c105 | B5: | | C5: custo= | D5: 373.5 | E5: | | F5: 0 | G5: art | H5: ✓
A6: c106 | B6: | | C6: custo= | D6: 365.4 | E6: | | F6: 0 | G6: art | H6: ✓
A7: c107 | B7: | | C7: custo= | D7: 365.2 | E7: | | F7: 0 | G7: art | H7: ✓
A8: c108 | B8: | | C8: custo= | D8: 431.3 | E8: | | F8: 0 | G8: art | H8: ✓
A9: c109 | B9: | | C9: custo= | D9: 391.1 | E9: | | F9: 0 | G9: art | H9: ✓
A10: r101 | B10: | | C10: custo= | D10: 1139.3 | E10: | | F10: 0 | G10: art | H10: ✓
A11: r102 | B11: | | C11: custo= | D11: 946.5 | E11: | | F11: 0 | G11: art | H11: ✓
A12: r103 | B12: | | C12: custo= | D12: 911.3 | E12: | | F12: 0 | G12: art | H12: ✓
... A29: rc108 | B29: | | C29: custo= | D29: 654.1 | E29: | | F29: 0 | G29: art | H29: ✓
