Workbook

Sheet GERAL
B1: SEM MIP | C1: ninst | D1: tem_janelas | E1: heuristica_retirada | F1: tamanho_clientes | G1: nos_rede | H1: veiculos | I1: capacidade | J1: tabu | K1: tipo_geracao | L1: tempo_exato | M1: tempo_bp | N1: fo_exato | O1: fo_bp | P1: gap_pct | Q1: igual_exato | R1: nos_bp | S1: colunas_bp | T1: seq_exato | V1: seq_bp | Y1: LITERATURA | AI1: 10 X LITERATURA Sem Mip
A2: run_id | B2: arquivo_instancia | C2: ninst | D2: tem_janelas | E2: heuristica_retirada | F2: tamanho_clientes | G2: nos_rede | H2: veiculos | I2: capacidade | J2: tabu | K2: tipo_geracao | L2: tempo_exato | M2: tempo_bp | N2: fo_exato | O2: fo_bp | P2: gap_pct | Q2: igual_exato | R2: nos_bp | S2: colunas_bp | T2: seq_exato | V2: seq_bp | W2: timestamp | Y2: Problema | Z2: Nodes | AA2: Arcs | AB2: LP | AC2: IP | AD2: Vehicles | AE2: BB_Nodes | AF2: Columns | AG2: CPU | AI2: Problema | AJ2: Nodes | AK2: Arcs | AL2: LP | AM2: IP | AN2: Vehicles | AO2: BB_Nodes | AP2: Columns | AQ2: CPU
A3: tam25_cap200_tabu0_inst0_cons10 | B3: instancias/c101N.txt | C3: 0 | D3: 0 | E3: 10 | F3: 25 | G3: 27 | H3: 3 | I3: 200 | J3: 0 | K3: PD | L3: 0.2661 | M3: 108.8039 | N3: 191.8136 | O3: 191.8136 | P3: 0 | Q3: 1 | R3: 1 | S3: 975 | T3: V0: [0,13,17,18,19,15,16,14,12,26] ; V1: [0,20,24,25,23,22,21,26] ; V2: [0,5,3,7,8,10,11,9,6,4,2,1,26] | U3: V0: [0,5,3,7,8,10,11,9,6,4,2,1,26] ; V1: [0,20,24,25,23,22,21,26] ; V2: [0,13,17,18,19,15,16,14,12,26] | V3: 46113.822 | Y3: C101 | Z3: 25 | AA3: 332 | AB3: 191.3 | AC3: 191.3 | AD3: 3 | AE3: 1 | AF3: 498 | AG3: 18.6 | AI3: C101 | AJ3: 25 | AL3: 191.3 | AM3: 191.3 | AN3: 3 | AO3: 1 | AP3: =S3/AF3 -> 1.9578313 | AQ3: =M3/AG3 -> 5.849672
A4: tam25_cap200_tabu0_inst0_cons10 | B4: instancias/c102.txt | C4: 0 | D4: 0 | E4: 10 | F4: 25 | G4: 27 | H4: 3 | I4: 200 | J4: 0 | K4: PD | L4: 19.595 | M4: 828.1247 | N4: 190.7376 | O4: 190.7376 | P4: 0 | Q4: 1 | R4: 1 | S4: 2391 | T4: V0: [0,7,8,10,11,9,6,4,2,1,3,5,26] ; V1: [0,20,24,25,23,22,21,26] ; V2: [0,13,17,18,19,15,16,14,12,26] | U4: V0: [0,13,17,18,19,15,16,14,12,26] ; V1: [0,20,24,25,23,22,21,26] ; V2: [0,7,8,10,11,9,6,4,2,1,3,5,26] | V4: 46113.832 | Y4: C102 | Z4: 25 | AA4: 473 | AB4: 190.3 | AC4: 190.3 | AD4: 3 | AE4: 1 | AF4: 534 | AG4: 79.7 | AI4: C102 | AJ4: 25 | AL4: 190.3 | AM4: 190.3 | AN4: 3 | AO4: 1 | AP4: =S4/AF4 -> 4.4775281 | AQ4: =M4/AG4 -> 10.390523 | AX4: GAP
A5: tam25_cap200_tabu0_inst0_cons10 | B5: instancias/c103.txt | C5: 0 | D5: 0 | E5: 10 | F5: 25 | G5: 27 | H5: 3 | I5: 200 | J5: 0 | K5: PD | L5: 1201.4904 | M5: 1009.9421 | N5: 190.7376 | O5: 190.7376 | P5: 0 | Q5: 1 | R5: 1 | S5: 2328 | T5: V0: [0,20,24,25,23,22,21,26] ; V1: [0,13,17,18,19,15,16,14,12,26] ; V2: [0,7,8,10,11,9,6,4,2,1,3,5,26] | U5: V0: [0,7,8,10,11,9,6,4,2,1,3,5,26] ; V1: [0,20,24,25,23,22,21,26] ; V2: [0,13,17,18,19,15,16,14,12,26] | V5: 46113.857 | Y5: C103 | Z5: 25 | AA5: 569 | AB5: 190.3 | AC5: 190.3 | AD5: 3 | AE5: 1 | AF5: 447 | AG5: 134.7 | AI5: C103 | AJ5: 25 | AL5: 190.3 | AM5: 190.3 | AN5: 3 | AO5: 1 | AP5: =S5/AF5 -> 5.2080537 | AQ5: =M5/AG5 -> 7.4977142 | AW5: heuristica | AX5: MÁXIMO | AY5: inst | AZ5: MÍNIMO | BA5: inst | BB5: MÉDIA
A6: tam25_cap200_tabu0_inst0_cons10 | B6: instancias/c104.txt | C6: 0 | D6: 0 | E6: 10 | F6: 25 | G6: 27 | H6: 3 | I6: 200 | J6: 0 | K6: PD | L6: 1201.9546 | M6: 518.4715 | N6: 187.4495 | O6: 190.7412 | P6: 1.7561 | Q6: 0 | R6: 1 | S6: 2121 | T6: V0: [0,7,8,11,9,6,4,2,1,3,5,26] ; V1: [0,20,24,25,23,22,21,26] ; V2: [0,13,17,18,19,15,16,14,12,10,26] | U6: V0: [0,20,24,25,23,22,21,26] ; V1: [0,13,15,12,14,16,19,18,17,10,26] ; V2: [0,7,8,11,9,6,4,2,1,3,5,26] | V6: 46113.877 | Y6: C104 | Z6: 25 | AA6: 604 | AB6: 186.9 | AC6: 186.9 | AD6: 3 | AE6: 1 | AF6: 485 | AG6: 223.9 | AI6: C104 | AJ6: 25 | AL6: 186.9 | AM6: 186.9 | AN6: 3 | AO6: 1 | AP6: =S6/AF6 -> 4.3731959 | AQ6: =M6/AG6 -> 2.3156387 | AW6: 0 | AX6: =IFERROR(_xlfn.MAXIFS('resultados_finais - Copia (4)'!$P:$P,'resultados_finais - Copia (4)'!$E:$E,AW6,'resultados_finais - Copia (4)'!$P:$P,">=0"),"") -> 9.7493 | AY6: instancias/c202,txt | AZ6: =IFERROR(_xlfn.MINIFS('resultados_finais - Copia (4)'!$P:$P,'resultados_finais - Copia (4)'!$E:$E,AW6,'resultados_finais - Copia (4)'!$P:$P,">=0"),"") -> 0 | BA6: instancias/r101,txt | BB6: =IFERROR(AVERAGEIFS($O:$O,$E:$E,AW6,$O:$O,">=0"),"")
A7: tam25_cap200_tabu0_inst0_cons10 | B7: instancias/c105.txt | C7: 0 | D7: 0 | E7: 10 | F7: 25 | G7: 27 | H7: 3 | I7: 200 | J7: 0 | K7: PD | L7: 0.6184 | M7: 684.6371 | N7: 191.8136 | O7: 191.8136 | P7: 0 | Q7: 1 | R7: 1 | S7: 2424 | T7: V0: [0,13,17,18,19,15,16,14,12,26] ; V1: [0,5,3,7,8,10,11,9,6,4,2,1,26] ; V2: [0,20,24,25,23,22,21,26] | U7: V0: [0,5,3,7,8,10,11,9,6,4,2,1,26] ; V1: [0,13,17,18,19,15,16,14,12,26] ; V2: [0,20,24,25,23,22,21,26] | V7: 46113.885 | Y7: C105 | Z7: 25 | AA7: 357 | AB7: 191.3 | AC7: 191.3 | AD7: 3 | AE7: 1 | AF7: 531 | AG7: 25.6 | AI7: C105 | AJ7: 25 | AL7: 191.3 | AM7: 191.3 | AN7: 3 | AO7: 1 | AP7: =S7/AF7 -> 4.5649718 | AQ7: =M7/AG7 -> 26.743637 | AV7: inserção com melhoria | AW7: 1 | AX7: =IFERROR(_xlfn.MAXIFS('resultados_finais - Copia (4)'!$P:$P,'resultados_finais - Copia (4)'!$E:$E,AW7,'resultados_finais - Copia (4)'!$P:$P,">=0"),"") -> 17.725 | AY7: instancias/c202,txt | AZ7: =IFERROR(_xlfn.MINIFS('resultados_finais - Copia (4)'!$P:$P,'resultados_finais - Copia (4)'!$E:$E,AW7,'resultados_finais - Copia (4)'!$P:$P,">=0"),"") -> 0 | BA7: instancias/r101,txt | BB7: =IFERROR(AVERAGEIFS($O:$O,$E:$E,AW7,$O:$O,">=0"),"")
A8: tam25_cap200_tabu0_inst0_cons10 | B8: instancias/c106.txt | C8: 0 | D8: 0 | E8: 10 | F8: 25 | G8: 27 | H8: 3 | I8: 200 | J8: 0 | K8: PD | L8: 0.3072 | M8: 418.1565 | N8: 191.8136 | O8: 191.8136 | P8: 0 | Q8: 1 | R8: 1 | S8: 1686 | T8: V0: [0,20,24,25,23,22,21,26] ; V1: [0,5,3,7,8,10,11,9,6,4,2,1,26] ; V2: [0,13,17,18,19,15,16,14,12,26] | U8: V0: [0,13,17,18,19,15,16,14,12,26] ; V1: [0,20,24,25,23,22,21,26] ; V2: [0,5,3,7,8,10,11,9,6,4,2,1,26] | V8: 46113.89 | Y8: C106 | Z8: 25 | AA8: 336 | AB8: 191.3 | AC8: 191.3 | AD8: 3 | AE8: 1 | AF8: 447 | AG8: 20.7 | AI8: C106 | AJ8: 25 | AL8: 191.3 | AM8: 191.3 | AN8: 3 | AO8: 1 | AP8: =S8/AF8 -> 3.7718121 | AQ8: =M8/AG8 -> 20.200797 | AV8: vns_ com acrescimo | AW8: 2 | AX8: =IFERROR(_xlfn.MAXIFS('resultados_finais - Copia (4)'!$P:$P,'resultados_finais - Copia (4)'!$E:$E,AW8,'resultados_finais - Copia (4)'!$P:$P,">=0"),"") -> 4.95 | AY8: instancias/c202,txt | AZ8: =IFERROR(_xlfn.MINIFS('resultados_finais - Copia (4)'!$P:$P,'resultados_finais - Copia (4)'!$E:$E,AW8,'resultados_finais - Copia (4)'!$P:$P,">=0"),"") -> 0 | BA8: instancias/r101,txt | BB8: =IFERROR(AVERAGEIFS($O:$O,$E:$E,AW8,$O:$O,">=0"),"")
A9: tam25_cap200_tabu0_inst0_cons10 | B9: instancias/c107.txt | C9: 0 | D9: 0 | E9: 10 | F9: 25 | G9: 27 | H9: 3 | I9: 200 | J9: 0 | K9: PD | L9: 0.6161 | M9: 340.2205 | N9: 191.8136 | O9: 191.8136 | P9: 0 | Q9: 1 | R9: 1 | S9: 2040 | T9: V0: [0,5,3,7,8,10,11,9,6,4,2,1,26] ; V1: [0,13,17,18,19,15,16,14,12,26] ; V2: [0,20,24,25,23,22,21,26] | U9: V0: [0,13,17,18,19,15,16,14,12,26] ; V1: [0,20,24,25,23,22,21,26] ; V2: [0,5,3,7,8,10,11,9,6,4,2,1,26] | V9: 46113.894 | Y9: C107 | Z9: 25 | AA9: 377 | AB9: 191.3 | AC9: 191.3 | AD9: 3 | AE9: 1 | AF9: 514 | AG9: 31.7 | AI9: C107 | AJ9: 25 | AL9: 191.3 | AM9: 191.3 | AN9: 3 | AO9: 1 | AP9: =S9/AF9 -> 3.9688716 | AQ9: =M9/AG9 -> 10.732508 | AV9: sem pd | AW9: 3 | AX9: =IFERROR(_xlfn.MAXIFS('resultados_finais - Copia (4)'!$P:$P,'resultados_finais - Copia (4)'!$E:$E,AW9,'resultados_finais - Copia (4)'!$P:$P,">=0"),"") -> 8.4445 | AY9: instancias/c201,txt | AZ9: =IFERROR(_xlfn.MINIFS('resultados_finais - Copia (4)'!$P:$P,'resultados_finais - Copia (4)'!$E:$E,AW9,'resultados_finais - Copia (4)'!$P:$P,">=0"),"") -> 0 | BA9: instancias/r101,txt | BB9: =IFERROR(AVERAGEIFS($O:$O,$E:$E,AW9,$O:$O,">=0"),"")
A10: tam25_cap200_tabu0_inst0_cons10 | B10: instancias/c108.txt | C10: 0 | D10: 0 | E10: 10 | F10: 25 | G10: 27 | H10: 3 | I10: 200 | J10: 0 | K10: PD | L10: 15.0551 | M10: 683.342 | N10: 191.8136 | O10: 191.8136 | P10: 0 | Q10: 1 | R10: 1 | S10: 2415 | T10: V0: [0,20,24,25,23,22,21,26] ; V1: [0,13,17,18,19,15,16,14,12,26] ; V2: [0,5,3,7,8,10,11,9,6,4,2,1,26] | U10: V0: [0,13,17,18,19,15,16,14,12,26] ; V1: [0,20,24,25,23,22,21,26] ; V2: [0,5,3,7,8,10,11,9,6,4,2,1,26] | V10: 46113.902 | Y10: C108 | Z10: 25 | AA10: 431 | AB10: 191.3 | AC10: 191.3 | AD10: 3 | AE10: 1 | AF10: 513 | AG10: 43.1 | AI10: C108 | AJ10: 25 | AL10: 191.3 | AM10: 191.3 | AN10: 3 | AO10: 1 | AP10: =S10/AF10 -> 4.7076023 | AQ10: =M10/AG10 -> 15.854803 | AU10: construtivas | AV10: apenas pd | AW10: 22 | AX10: =IFERROR(_xlfn.MAXIFS('resultados_finais - Copia (4)'!$P:$P,'resultados_finais - Copia (4)'!$E:$E,AW10,'resultados_finais - Copia (4)'!$P:$P,">=0"),"") -> 25.9309 | AY10: instancias/r102,txt | AZ10: =IFERROR(_xlfn.MINIFS('resultados_finais - Copia (4)'!$P:$P,'resultados_finais - Copia (4)'!$E:$E,AW10,'resultados_finais - Copia (4)'!$P:$P,">=0"),"") -> 0 | BA10: instancias/r101,txt | BB10: =IFERROR(AVERAGEIFS($O:$O,$E:$E,AW10,$O:$O,">=0"),"")
A11: tam25_cap200_tabu0_inst0_cons10 | B11: instancias/c109.txt | C11: 0 | D11: 0 | E11: 10 | F11: 25 | G11: 27 | H11: 3 | I11: 200 | J11: 0 | K11: PD | L11: 1200.9615 | M11: 905.8647 | N11: 191.8136 | O11: 191.8136 | P11: 0 | Q11: 1 | R11: 1 | S11: 2028 | T11: V0: [0,5,3,7,8,10,11,9,6,4,2,1,26] ; V1: [0,20,24,25,23,22,21,26] ; V2: [0,13,17,18,19,15,16,14,12,26] | U11: V0: [0,13,17,18,19,15,16,14,12,26] ; V1: [0,5,3,7,8,10,11,9,6,4,2,1,26] ; V2: [0,20,24,25,23,22,21,26] | V11: 46113.926 | Y11: C109 | Z11: 25 | AA11: 482 | AB11: 189.4 | AC11: 191.3 | AD11: 3 | AE11: 3 | AF11: 1747 | AG11: 585.4 | AI11: C109 | AJ11: 25 | AL11: 189.4 | AM11: 191.3 | AN11: 3 | AO11: 3 | AP11: =S11/AF11 -> 1.1608472 | AQ11: =M11/AG11 -> 1.5474286 | AV11: todas | AW11: 10 | AX11: =IFERROR(_xlfn.MAXIFS('resultados_finais - Copia (4)'!$P:$P,'resultados_finais - Copia (4)'!$E:$E,AW11,'resultados_finais - Copia (4)'!$P:$P,">=0"),"") -> 3.3816 | AY11: instancias/c109,txt | AZ11: =IFERROR(_xlfn.MINIFS('resultados_finais - Copia (4)'!$P:$P,'resultados_finais - Copia (4)'!$E:$E,AW11,'resultados_finais - Copia (4)'!$P:$P,">=0"),"") -> 0 | BA11: instancias/r101,txt | BB11: =IFERROR(AVERAGEIFS($O:$O,$E:$E,AW11,$O:$O,">=0"),"") -> 291.01204 | BG11: 2
A12: tam25_cap200_tabu0_inst0_cons10 | B12: instancias/c201,txt | C12: 0 | D12: 0 | E12: 10 | F12: 25 | G12: 27 | H12: 3 | I12: 200 | J12: 0 | K12: PD | L12: 4.768 | M12: 3940.9443 | N12: 268.5325 | O12: 268.8531 | P12: 0.1194 | Q12: 0 | R12: 97 | S12: 2682 | T12: V0: [0,20,22,24,6,25,9,11,10,8,21,26] ; V1: [0,23,18,19,16,14,12,15,17,13,26] ; V2: [0,5,2,1,7,3,4,26] | V12: V0: [0,20,22,24,6,23,18,17,25,21,26] ; V1: [0,5,2,1,7,3,4,26] ; V2: [0,19,16,14,12,15,13,9,11,10,8,26] | W12: 46115.056
A13: tam25_cap200_tabu0_inst0_cons10 | B13: instancias/c202,txt | C13: 0 | D13: 0 | E13: 10 | F13: 25 | G13: 27 | H13: 3 | I13: 200 | J13: 0 | K13: PD | L13: 200.6991 | M13: 6590.9756 | N13: 271.5942 | O13: 277.7884 | P13: 2.2807 | Q13: 0 | R13: 2 | S13: 1593 | T13: V0: [0,21,12,16,14,15,13,9,11,10,26] ; V1: [0,4,3,7,1,2,5,26] ; V2: [0,20,22,24,6,23,18,19,17,25,8,26] | V13: V0: [0,20,22,24,21,26] ; V1: [0,4,3,7,1,2,5,17,13,25,8,26] ; V2: [0,6,23,18,19,16,14,12,15,9,11,10,26] | W13: 46115.135 | Y13: agoracom MIP
A14: tam25_cap200_tabu0_inst0_cons10 | B14: instancias/c203,txt | C14: 0 | D14: 0 | E14: 10 | F14: 25 | G14: 27 | H14: 3 | I14: 200 | J14: 0 | K14: PD | L14: 176.2201 | M14: 13985.747 | N14: 276.6242 | O14: -1 | R14: 0 | S14: 0 | T14: V0: [0,20,22,24,6,23,19,15,17,13,9,11,10,26] ; V1: [0,21,25,18,16,14,12,8,26] ; V2: [0,4,3,7,1,2,5,26] | V14: SEM_SEQUENCIA_BP | W14: 46115.299 | AX14: TIME
A15: tam25_cap200_tabu0_inst0_cons10 | B15: instancias/c204,txt | C15: 0 | D15: 0 | E15: 10 | F15: 25 | G15: 27 | H15: 3 | I15: 200 | J15: 0 | K15: PD | L15: 200.6124 | M15: 10859.95 | N15: 278.8716 | O15: 284.4612 | P15: 2.0044 | Q15: 0 | R15: 2 | S15: 2583 | T15: V0: [0,4,3,7,1,2,12,14,16,13,11,5,26] ; V1: [0,22,21,8,26] ; V2: [0,20,24,6,23,18,19,15,17,25,9,10,26] | V15: V0: [0,4,3,7,1,2,5,11,10,8,22,24,6,20,26] ; V1: [0,17,18,19,16,14,12,15,13,9,26] ; V2: [0,23,25,21,26] | W15: 46115.427 | AW15: heuristica | AX15: MÁXIMO | AY15: inst | AZ15: MÍNIMO | BA15: inst | BB15: MÉDIA
A16: tam25_cap200_tabu0_inst0_cons10 | B16: instancias/c205,txt | C16: 0 | D16: 0 | E16: 10 | F16: 25 | G16: 27 | H16: 3 | I16: 200 | J16: 0 | K16: PD | L16: 200.9742 | M16: 4307.8068 | N16: 268.5325 | O16: 280.8755 | P16: 4.5964 | Q16: 0 | R16: 2 | S16: 1518 | T16: V0: [0,23,18,19,16,14,12,15,17,13,26] ; V1: [0,20,22,24,6,25,9,11,10,8,21,26] ; V2: [0,5,2,1,7,3,4,26] | V16: V0: [0,20,22,24,6,23,18,19,17,25,21,8,26] ; V1: [0,2,12,16,14,15,13,9,11,10,26] ; V2: [0,5,1,7,3,4,26] | W16: 46115.479 | Y16: LITERATURA | AI16: 10 X LITERATURA COM Mip | AW16: 0 | AX16: 3999.3001 | AY16: instancias/c202,txt | AZ16: 67.9489 | BB16: 1577.3656
A17: tam25_cap200_tabu0_inst0_cons10 | B17: instancias/c206,txt | C17: 0 | D17: 0 | E17: 10 | F17: 25 | G17: 27 | H17: 3 | I17: 200 | J17: 0 | K17: PD | L17: 200.9454 | M17: 3717.1342 | N17: 266.5696 | O17: 278.4903 | P17: 4.4719 | Q17: 0 | R17: 30 | S17: 1662 | T17: V0: [0,5,2,1,7,3,4,26] ; V1: [0,20,22,24,6,23,18,19,17,25,21,26] ; V2: [0,12,14,16,15,13,9,11,10,8,26] | V17: V0: [0,20,22,24,6,23,18,19,17,25,21,8,26] ; V1: [0,5,1,7,3,4,26] ; V2: [0,2,12,14,16,15,13,9,11,10,26] | W17: 46115.524 | Y17: Problema | Z17: Nodes | AA17: Arcs | AB17: LP | AC17: IP | AD17: Vehicles | AE17: BB_Nodes | AF17: Columns | AG17: CPU | AI17: Problema | AJ17: Nodes | AK17: Arcs | AL17: LP | AM17: IP | AN17: Vehicles | AO17: BB_Nodes | AP17: Columns | AQ17: CPU | AW17: 1 | AX17: 3786.1477 | AY17: instancias/c203,txt | AZ17: 20.2125 | BB17: 1251.4237
A18: tam25_cap200_tabu0_inst0_cons10 | B18: instancias/c207,txt | C18: 0 | D18: 0 | E18: 10 | F18: 25 | G18: 27 | H18: 3 | I18: 200 | J18: 0 | K18: PD | L18: 200.6136 | M18: 3630.654 | N18: 264.6319 | O18: 274.4477 | P18: 3.7093 | Q18: 0 | R18: 176 | S18: 2382 | T18: V0: [0,5,2,1,7,3,4,26] ; V1: [0,8,9,15,19,16,14,12,11,10,26] ; V2: [0,20,22,24,6,23,18,17,13,25,21,26] | V18: V0: [0,5,2,1,7,3,4,11,9,13,25,8,26] ; V1: [0,6,23,17,18,19,15,16,14,12,10,26] ; V2: [0,20,24,22,21,26] | W18: 46115.569 | Y18: C101 | Z18: 25 | AA18: 332 | AB18: 191.3 | AC18: 191.3 | AD18: 3 | AE18: 1 | AF18: 498 | AG18: 18.6 | AI18: C101 | AJ18: 25 | AL18: 191.3 | AM18: 191.3 | AN18: 3 | AO18: 1 | AP18: =S57/AF18 -> 2.5783133 | AQ18: =M57/AG18 -> 12.595618 | AW18: 2 | AX18: 4212.7162 | AY18: instancias/c203,txt | AZ18: 23.3106 | BB18: 1214.4434
A19: tam25_cap200_tabu0_inst0_cons10 | B19: instancias/c208,txt | C19: 0 | D19: 0 | E19: 10 | F19: 25 | G19: 27 | H19: 3 | I19: 200 | J19: 0 | K19: PD | L19: 200.6399 | M19: 3607.9214 | N19: 265.8097 | O19: 273.0839 | P19: 2.7366 | Q19: 0 | R19: 58 | S19: 3141 | T19: V0: [0,12,14,16,19,15,13,9,11,10,8,26] ; V1: [0,5,2,1,7,3,4,26] ; V2: [0,20,22,24,6,23,18,17,25,21,26] | V19: V0: [0,13,15,17,25,21,8,26] ; V1: [0,20,22,24,6,23,18,19,16,14,12,9,11,10,26] ; V2: [0,5,2,1,7,3,4,26] | W19: 46115.613 | Y19: C102 | Z19: 25 | AA19: 473 | AB19: 190.3 | AC19: 190.3 | AD19: 3 | AE19: 1 | AF19: 534 | AG19: 79.7 | AI19: C102 | AJ19: 25 | AL19: 190.3 | AM19: 190.3 | AN19: 3 | AO19: 1 | AP19: =S58/AF19 -> 4.7977528 | AQ19: =M58/AG19 -> 8.63 | AW19: 3 | AX19: 3633.8025 | AY19: instancias/c202,txt | AZ19: 2.2683 | BB19: 814.73283
A20: tam25_cap200_tabu0_inst0_cons10 | B20: instancias/r101,txt | C20: 0 | D20: 0 | E20: 10 | F20: 25 | G20: 27 | H20: 8 | I20: 200 | J20: 0 | K20: PD | L20: 0.7401 | M20: 83.8383 | N20: 618.3299 | O20: 618.3299 | P20: 0 | Q20: 1 | R20: 3 | S20: 1288 | T20: V0: [0,12,9,20,1,26] ; V1: [0,11,19,10,26] ; V2: [0,18,26] ; V3: [0,23,22,4,26] ; V4: [0,7,8,17,26] ; V5: [0,5,16,6,26] ; V6: [0,2,21,3,24,25,26] ; V7: [0,14,15,13,26] | V20: V0: [0,14,15,13,26] ; V1: [0,12,9,20,1,26] ; V2: [0,23,22,4,25,26] ; V3: [0,5,16,6,26] ; V4: [0,11,19,10,26] ; V5: [0,18,26] ; V6: [0,2,21,3,24,26] ; V7: [0,7,8,17,26] | W20: 46114.686 | Y20: C103 | Z20: 25 | AA20: 569 | AB20: 190.3 | AC20: 190.3 | AD20: 3 | AE20: 1 | AF20: 447 | AG20: 134.7 | AI20: C103 | AJ20: 25 | AL20: 190.3 | AM20: 190.3 | AN20: 3 | AO20: 1 | AP20: =S59/AF20 -> 5.704698 | AQ20: =M59/AG20 -> 24.444557 | AW20: 22 | AX20: 4554.6505 | AY20: instancias/c203,txt | AZ20: 99.9047 | BB20: 2195.5316
A21: tam25_cap200_tabu0_inst0_cons10 | B21: instancias/r102,txt | C21: 0 | D21: 0 | E21: 10 | F21: 25 | G21: 27 | H21: 7 | I21: 200 | J21: 0 | K21: PD | L21: 200.5235 | M21: 3688.5971 | N21: 548.1078 | O21: 548.1078 | P21: 0 | Q21: 1 | R21: 272 | S21: 2170 | T21: V0: [0,14,16,6,13,26] ; V1: [0,3,9,20,1,26] ; V2: [0,7,11,19,10,26] ; V3: [0,2,15,22,4,25,26] ; V4: [0,18,26] ; V5: [0,8,17,5,26] ; V6: [0,21,23,24,12,26] | V21: V0: [0,14,16,6,13,26] ; V1: [0,8,17,5,26] ; V2: [0,2,15,22,4,25,26] ; V3: [0,18,26] ; V4: [0,3,9,20,1,26] ; V5: [0,21,23,24,12,26] ; V6: [0,7,11,19,10,26] | W21: 46114.731 | Y21: C104 | Z21: 25 | AA21: 604 | AB21: 186.9 | AC21: 186.9 | AD21: 3 | AE21: 1 | AF21: 485 | AG21: 223.9 | AI21: C104 | AJ21: 25 | AL21: 186.9 | AM21: 186.9 | AN21: 3 | AO21: 1 | AP21: =S60/AF21 -> 5.2268041 | AQ21: =M60/AG21 -> 4.8335176 | AW21: 10 | AX21: 3346.43 | AY21: instancias/r112,txt | AZ21: 25.3171 | BB21: 545.35546
A22: tam25_cap200_tabu0_inst0_cons10 | B22: instancias/r103,txt | C22: 0 | D22: 0 | E22: 10 | F22: 25 | G22: 27 | H22: 5 | I22: 200 | J22: 0 | K22: PD | L22: 201.4841 | M22: 1528.8382 | N22: 490.9734 | O22: 455.6982 | P22: -7.1847 | Q22: 0 | R22: 1 | S22: 1965 | T22: V0: [0,7,19,11,10,26] ; V1: [0,21,23,22,2,4,25,12,26] ; V2: [0,14,15,6,13,26] ; V3: [0,3,24,9,20,1,26] ; V4: [0,18,8,16,17,5,26] | V22: V0: [0,12,24,3,9,10,20,1,26] ; V1: [0,2,15,14,16,17,5,26] ; V2: [0,21,23,22,4,25,26] ; V3: [0,7,19,11,8,18,26] ; V4: [0,6,13,26] | W22: 46114.751 | Y22: C105 | Z22: 25 | AA22: 357 | AB22: 191.3 | AC22: 191.3 | AD22: 3 | AE22: 1 | AF22: 531 | AG22: 25.6 | AI22: C105 | AJ22: 25 | AL22: 191.3 | AM22: 191.3 | AN22: 3 | AO22: 1 | AP22: =S61/AF22 -> 4.4350282 | AQ22: =M61/AG22 -> 29.717805
A23: tam25_cap200_tabu0_inst0_cons10 | B23: instancias/r104,txt | C23: 0 | D23: 0 | E23: 10 | F23: 25 | G23: 27 | H23: 4 | I23: 200 | J23: 0 | K23: PD | L23: 200.8732 | M23: 848.9515 | N23: -1 | O23: 417.9612 | R23: 1 | S23: 1848 | T23: SEM_SEQUENCIA_EXATO | V23: V0: [0,2,15,14,16,17,5,26] ; V1: [0,7,19,11,8,18,6,13,26] ; V2: [0,21,22,23,4,25,26] ; V3: [0,12,24,3,9,20,10,1,26] | W23: 46114.764 | Y23: C106 | Z23: 25 | AA23: 336 | AB23: 191.3 | AC23: 191.3 | AD23: 3 | AE23: 1 | AF23: 447 | AG23: 20.7 | AI23: C106 | AJ23: 25 | AL23: 191.3 | AM23: 191.3 | AN23: 3 | AO23: 1 | AP23: =S62/AF23 -> 2.7651007 | AQ23: =M62/AG23 -> 8.7605556
A24: tam25_cap200_tabu0_inst0_cons10 | B24: instancias/r105,txt | C24: 0 | D24: 0 | E24: 10 | F24: 25 | G24: 27 | H24: 6 | I24: 200 | J24: 0 | K24: PD | L24: 26.0318 | M24: 267.1819 | N24: 531.5386 | O24: 531.5386 | P24: 0 | Q24: 1 | R24: 1 | S24: 1404 | T24: V0: [0,5,14,16,6,26] ; V1: [0,12,9,3,24,25,26] ; V2: [0,2,15,13,26] ; V3: [0,21,23,22,4,26] ; V4: [0,7,18,8,17,26] ; V5: [0,19,11,10,20,1,26] | V24: V0: [0,12,9,3,24,26] ; V1: [0,5,14,16,6,26] ; V2: [0,7,18,8,17,26] ; V3: [0,19,11,10,20,1,26] ; V4: [0,2,15,13,26] ; V5: [0,21,23,22,4,25,26] | W24: 46114.767 | Y24: C107 | Z24: 25 | AA24: 377 | AB24: 191.3 | AC24: 191.3 | AD24: 3 | AE24: 1 | AF24: 514 | AG24: 31.7 | AI24: C107 | AJ24: 25 | AL24: 191.3 | AM24: 191.3 | AN24: 3 | AO24: 1 | AP24: =S63/AF24 -> 5.6848249 | AQ24: =M63/AG24 -> 34.91906
A25: tam25_cap200_tabu0_inst0_cons10 | B25: instancias/r106,txt | C25: 0 | D25: 0 | E25: 10 | F25: 25 | G25: 27 | H25: 5 | I25: 200 | J25: 0 | K25: PD | L25: 201.2862 | M25: 3642.4569 | N25: 466.4802 | O25: 466.4802 | P25: 0 | Q25: 1 | R25: 151 | S25: 2525 | T25: V0: [0,2,15,23,22,4,25,21,26] ; V1: [0,14,16,6,13,26] ; V2: [0,7,19,11,10,26] ; V3: [0,18,8,17,5,26] ; V4: [0,1,9,20,3,24,12,26] | V25: V0: [0,18,8,17,5,26] ; V1: [0,14,16,6,13,26] ; V2: [0,2,15,23,22,4,25,21,26] ; V3: [0,7,19,11,10,26] ; V4: [0,1,9,20,3,24,12,26] | W25: 46114.812 | Y25: C108 | Z25: 25 | AA25: 431 | AB25: 191.3 | AC25: 191.3 | AD25: 3 | AE25: 1 | AF25: 513 | AG25: 43.1 | AI25: C108 | AJ25: 25 | AL25: 191.3 | AM25: 191.3 | AN25: 3 | AO25: 1 | AP25: =S64/AF25 -> 5.2982456 | AQ25: =M64/AG25 -> 22.461522 | AV25: COM MIP
A26: tam25_cap200_tabu0_inst0_cons10 | B26: instancias/r107,txt | C26: 0 | D26: 0 | E26: 10 | F26: 25 | G26: 27 | H26: 4 | I26: 200 | J26: 0 | K26: PD | L26: 200.8063 | M26: 1103.3267 | N26: -1 | O26: 425.2685 | R26: 1 | S26: 1860 | T26: SEM_SEQUENCIA_EXATO | V26: V0: [0,18,7,11,19,8,17,16,5,26] ; V1: [0,12,3,9,20,10,1,26] ; V2: [0,21,23,22,4,25,24,26] ; V3: [0,2,15,14,6,13,26] | W26: 46114.827 | Y26: C109 | Z26: 25 | AA26: 482 | AB26: 189.4 | AC26: 191.3 | AD26: 3 | AE26: 3 | AF26: 1747 | AG26: 585.4 | AI26: C109 | AJ26: 25 | AL26: 189.4 | AM26: 191.3 | AN26: 3 | AO26: 3 | AP26: =S65/AF26 -> 0.86891815 | AQ26: =M65/AG26 -> 1.2073994 | AW26: GAP
A27: tam25_cap200_tabu0_inst0_cons10 | B27: instancias/r108,txt | C27: 0 | D27: 0 | E27: 10 | F27: 25 | G27: 27 | H27: 4 | I27: 200 | J27: 0 | K27: PD | L27: 201.0159 | M27: 3735.8646 | N27: 467.1724 | O27: 398.2947 | P27: -14.7435 | Q27: 0 | R27: 5 | S27: 1952 | T27: V0: [0,19,11,7,8,17,18,26] ; V1: [0,10,20,9,3,12,1,26] ; V2: [0,5,16,14,6,13,21,26] ; V3: [0,2,15,23,22,4,25,24,26] | V27: V0: [0,21,22,23,4,25,24,26] ; V1: [0,2,15,14,16,17,5,6,13,26] ; V2: [0,7,10,11,19,8,18,26] ; V3: [0,1,20,9,3,12,26] | W27: 46114.872 | AV27: heuristica | AW27: MÁXIMO | AX27: inst | AY27: MÍNIMO | AZ27: inst | BA27: MÉDIA
A28: tam25_cap200_tabu0_inst0_cons10 | B28: instancias/r109,txt | C28: 0 | D28: 0 | E28: 10 | F28: 25 | G28: 27 | H28: 5 | I28: 200 | J28: 0 | K28: PD | L28: 111.6148 | M28: 792.7108 | N28: 442.6252 | O28: 442.6252 | P28: 0 | Q28: 1 | R28: 1 | S28: 2085 | T28: V0: [0,2,15,14,16,17,13,26] ; V1: [0,5,8,18,6,26] ; V2: [0,21,22,23,4,25,24,26] ; V3: [0,12,3,9,20,1,26] ; V4: [0,7,19,11,10,26] | V28: V0: [0,21,22,23,4,25,24,26] ; V1: [0,2,15,14,16,17,13,26] ; V2: [0,12,3,9,20,1,26] ; V3: [0,7,19,11,10,26] ; V4: [0,5,8,18,6,26] | W28: 46114.883 | Y28: agoracom MIP | AV28: 0 | AW28: =IFERROR(_xlfn.MAXIFS($P$57:$P$76,$E$57:$E$76,AV28),"") -> 0 | AX28: instancias/c202,txt | AY28: =IFERROR(_xlfn.MINIFS('resultados_finais - Copia (4)'!$P:$P,'resultados_finais - Copia (4)'!$E:$E,AV28,'resultados_finais - Copia (4)'!$P:$P,">=0"),"") -> 0 | AZ28: instancias/r101,txt | BA28: =IFERROR(AVERAGEIFS($O:$O,$E:$E,AV28,$O:$O,">=0"),"")
A29: tam25_cap200_tabu0_inst0_cons10 | B29: instancias/r110,txt | C29: 0 | D29: 0 | E29: 10 | F29: 25 | G29: 27 | H29: 4 | I29: 200 | J29: 0 | K29: PD | L29: 201.1952 | M29: 4107.8911 | N29: -1 | O29: 445.8722 | R29: 31 | S29: 2816 | T29: SEM_SEQUENCIA_EXATO | V29: V0: [0,18,8,17,6,26] ; V1: [0,5,16,14,15,22,23,13,26] ; V2: [0,11,19,7,10,20,9,1,26] ; V3: [0,2,21,12,3,24,25,4,26] | W29: 46114.933 | AU29: inserção com melhoria | AV29: 1 | AW29: =IFERROR(_xlfn.MAXIFS($P$57:$P$76,$E$57:$E$76,AV29),"") -> 0 | AX29: instancias/c202,txt | AY29: =IFERROR(_xlfn.MINIFS('resultados_finais - Copia (4)'!$P:$P,'resultados_finais - Copia (4)'!$E:$E,AV29,'resultados_finais - Copia (4)'!$P:$P,">=0"),"") -> 0 | AZ29: instancias/r101,txt | BA29: =IFERROR(AVERAGEIFS($O:$O,$E:$E,AV29,$O:$O,">=0"),"")
A30: tam25_cap200_tabu0_inst0_cons10 | B30: instancias/r111,txt | C30: 0 | D30: 0 | E30: 10 | F30: 25 | G30: 27 | H30: 4 | I30: 200 | J30: 0 | K30: PD | L30: 200.9118 | M30: 2720.2744 | N30: -1 | O30: 429.6968 | R30: 25 | S30: 1960 | T30: SEM_SEQUENCIA_EXATO | V30: V0: [0,2,15,14,16,6,13,26] ; V1: [0,7,11,19,8,18,17,5,26] ; V2: [0,21,23,22,4,25,24,26] ; V3: [0,12,3,9,20,10,1,26] | W30: 46114.966 | AU30: vns_ com acrescimo | AV30: 2 | AW30: =IFERROR(_xlfn.MAXIFS($P$57:$P$76,$E$57:$E$76,AV30),"") -> 0 | AX30: instancias/c202,txt | AY30: =IFERROR(_xlfn.MINIFS('resultados_finais - Copia (4)'!$P:$P,'resultados_finais - Copia (4)'!$E:$E,AV30,'resultados_finais - Copia (4)'!$P:$P,">=0"),"") -> 0 | AZ30: instancias/r101,txt | BA30: =IFERROR(AVERAGEIFS($O:$O,$E:$E,AV30,$O:$O,">=0"),"")
A31: tam25_cap200_tabu0_inst0_cons10 | B31: instancias/r112,txt | C31: 0 | D31: 0 | E31: 10 | F31: 25 | G31: 27 | H31: 4 | I31: 200 | J31: 0 | K31: PD | L31: 200.8882 | M31: 3610.0806 | N31: 394.1013 | O31: 395.0909 | P31: 0.2511 | Q31: 0 | R31: 61 | S31: 2044 | T31: V0: [0,18,8,7,19,11,10,26] ; V1: [0,21,22,23,4,25,24,26] ; V2: [0,2,15,14,16,17,5,6,13,26] ; V3: [0,12,3,9,20,1,26] | V31: V0: [0,21,22,23,25,4,26] ; V1: [0,2,15,14,16,17,5,6,13,26] ; V2: [0,18,8,7,19,11,10,26] ; V3: [0,12,24,3,9,20,1,26] | W31: 46115.01 | AU31: sem pd | AV31: 3 | AW31: =IFERROR(_xlfn.MAXIFS($P$57:$P$76,$E$57:$E$76,AV31),"") -> 0 | AX31: instancias/c201,txt | AY31: =IFERROR(_xlfn.MINIFS('resultados_finais - Copia (4)'!$P:$P,'resultados_finais - Copia (4)'!$E:$E,AV31,'resultados_finais - Copia (4)'!$P:$P,">=0"),"") -> 0 | AZ31: instancias/r101,txt | BA31: =IFERROR(AVERAGEIFS($O:$O,$E:$E,AV31,$O:$O,">=0"),"")
B32: mesma semente | Y32: LITERATURA | AI32: 10 X LITERATURA COM Mip | AT32: construtivas | AU32: apenas pd | AV32: 22 | AW32: =IFERROR(_xlfn.MAXIFS($P$57:$P$76,$E$57:$E$76,AV32),"") -> 0 | AX32: instancias/r102,txt | AY32: =IFERROR(_xlfn.MINIFS('resultados_finais - Copia (4)'!$P:$P,'resultados_finais - Copia (4)'!$E:$E,AV32,'resultados_finais - Copia (4)'!$P:$P,">=0"),"") -> 0 | AZ32: instancias/r101,txt | BA32: =IFERROR(AVERAGEIFS($O:$O,$E:$E,AV32,$O:$O,">=0"),"")
B33: com mip | Y33: Problema | Z33: Nodes | AA33: Arcs | AB33: LP | AC33: IP | AD33: Vehicles | AE33: BB_Nodes | AF33: Columns | AG33: CPU | AI33: Problema | AJ33: Nodes | AK33: Arcs | AL33: LP | AM33: IP | AN33: Vehicles | AO33: BB_Nodes | AP33: Columns | AQ33: CPU | AU33: todas | AV33: 10 | AW33: =IFERROR(_xlfn.MAXIFS($P$57:$P$76,$E$57:$E$76,AV33),"") -> 8.4077 | AX33: instancias/c109,txt | AY33: =IFERROR(_xlfn.MINIFS('resultados_finais - Copia (4)'!$P:$P,'resultados_finais - Copia (4)'!$E:$E,AV33,'resultados_finais - Copia (4)'!$P:$P,">=0"),"") -> 0 | AZ33: instancias/r101,txt | BA33: =IFERROR(AVERAGEIFS($O:$O,$E:$E,AV33,$O:$O,">=0"),"") -> 291.01204
A34: tam25_cap200_tabu0_inst0_cons10 | B34: instancias/r101,txt | C34: 0 | D34: 0 | E34: 10 | F34: 25 | G34: 27 | H34: 8 | I34: 200 | J34: 0 | K34: PD | L34: 0.7396 | M34: 25.3171 | N34: 618,3299 | O34: 618,3299 | P34: 0 | Q34: 1 | R34: 1 | S34: 1176 | T34: V0: [0,12,9,20,1,26] ; V1: [0,11,19,10,26] ; V2: [0,18,26] ; V3: [0,23,22,4,26] ; V4: [0,7,8,17,26] ; V5: [0,5,16,6,26] ; V6: [0,2,21,3,24,25,26] ; V7: [0,14,15,13,26] | U34: V0: [0,12,9,20,1,26] ; V1: [0,7,8,17,26] ; V2: [0,23,22,4,26] ; V3: [0,2,21,3,24,25,26] ; V4: [0,14,15,13,26] ; V5: [0,18,26] ; V6: [0,11,19,10,26] ; V7: [0,5,16,6,26] | V34: 46107.82 | Y34: R101 | Z34: 25 | AA34: 227 | AB34: 617.1 | AC34: 617.1 | AD34: 8 | AE34: 1 | AF34: 78 | AG34: 5.8 | AI34: R101 | AJ34: 25 | AL34: 191.3 | AM34: =(O34-AC34)/AC34 -> 0.0019930319 | AN34: 3 | AO34: 1 | AP34: =S34/AF34 -> 15.076923 | AQ34: =M34/AG34 -> 4.3650172
A35: tam25_cap200_tabu0_inst0_cons10 | B35: instancias/r102,txt | C35: 0 | D35: 0 | E35: 10 | F35: 25 | G35: 27 | H35: 7 | I35: 200 | J35: 0 | K35: PD | L35: 1200.9863 | M35: 1620.0409 | N35: 548,1078 | O35: 548,1078 | P35: 0 | Q35: 1 | R35: 2585 | S35: 2170 | T35: V0: [0,14,16,6,13,26] ; V1: [0,3,9,20,1,26] ; V2: [0,7,11,19,10,26] ; V3: [0,2,15,22,4,25,26] ; V4: [0,18,26] ; V5: [0,8,17,5,26] ; V6: [0,21,23,24,12,26] | U35: V0: [0,3,9,20,1,26] ; V1: [0,8,17,5,26] ; V2: [0,21,23,24,12,26] ; V3: [0,7,11,19,10,26] ; V4: [0,18,26] ; V5: [0,14,16,6,13,26] ; V6: [0,2,15,22,4,25,26] | V35: 46107.852 | Y35: R102 | Z35: 25 | AA35: 404 | AB35: 546.4 | AC35: 547.1 | AD35: 7 | AE35: 3 | AF35: 165 | AG35: 20.3 | AI35: R102 | AJ35: 25 | AL35: 190.3 | AM35: =(O35-AC35)/AC35 -> 0.0018420764 | AN35: 3 | AO35: 1 | AP35: =S35/AF35 -> 13.151515 | AQ35: =M35/AG35 -> 79.80497
A36: tam25_cap200_tabu0_inst0_cons10 | B36: instancias/r103,txt | C36: 0 | D36: 0 | E36: 10 | F36: 25 | G36: 27 | H36: 5 | I36: 200 | J36: 0 | K36: PD | L36: 1201.1936 | M36: 185.2481 | N36: 468,2479 | O36: 455,6982 | P36: -2.6801 | Q36: 0 | R36: 1 | S36: 1525 | T36: V0: [0,7,19,11,10,26] ; V1: [0,2,21,23,22,4,25,26] ; V2: [0,14,15,6,13,26] ; V3: [0,1,20,9,3,24,12,26] ; V4: [0,18,8,17,16,5,26] | U36: V0: [0,12,24,3,9,10,20,1,26] ; V1: [0,21,23,22,4,25,26] ; V2: [0,7,19,11,8,18,26] ; V3: [0,2,15,14,16,17,5,26] ; V4: [0,6,13,26] | V36: 46107.869 | Y36: R103 | Z36: 25 | AA36: 510 | AB36: 454.6 | AC36: 454.6 | AD36: 5 | AE36: 1 | AF36: 246 | AG36: 22.2 | AI36: R103 | AJ36: 25 | AL36: 190.3 | AM36: =(O36-AC36)/AC36 -> 0.0024157501 | AN36: 3 | AO36: 1 | AP36: =S36/AF36 -> 6.199187 | AQ36: =M36/AG36 -> 8.344509 | AW36: TIME
A37: tam25_cap200_tabu0_inst0_cons10 | B37: instancias/r104,txt | C37: 0 | D37: 0 | E37: 10 | F37: 25 | G37: 27 | H37: 4 | I37: 200 | J37: 0 | K37: PD | L37: 1201.6167 | M37: 162.7161 | N37: 453,6869 | O37: 417,9612 | P37: -7.8745 | Q37: 0 | R37: 3 | S37: 1732 | T37: V0: [0,15,16,14,13,26] ; V1: [0,21,22,23,4,2,6,26] ; V2: [0,7,19,11,8,17,5,18,26] ; V3: [0,1,10,20,9,3,24,25,12,26] | U37: V0: [0,12,24,3,9,20,10,1,26] ; V1: [0,2,15,14,16,17,5,26] ; V2: [0,7,19,11,8,18,6,13,26] ; V3: [0,21,22,23,4,25,26] | V37: 46107.884 | Y37: R104 | Z37: 25 | AA37: 559 | AB37: 416.9 | AC37: 416.9 | AD37: 4 | AE37: 1 | AF37: 419 | AG37: 46 | AI37: R104 | AJ37: 25 | AL37: 186.9 | AM37: =(O37-AC37)/AC37 -> 0.0025454545 | AN37: 3 | AO37: 1 | AP37: =S37/AF37 -> 4.1336516 | AQ37: =M37/AG37 -> 3.5373065 | AV37: heuristica | AW37: MÁXIMO | AX37: inst | AY37: MÍNIMO | AZ37: inst | BA37: MÉDIA
A38: tam25_cap200_tabu0_inst0_cons10 | B38: instancias/r105,txt | C38: 0 | D38: 0 | E38: 10 | F38: 25 | G38: 27 | H38: 6 | I38: 200 | J38: 0 | K38: PD | L38: 17.6753 | M38: 45.5649 | N38: 531,5386 | O38: 531,5386 | P38: 0 | Q38: 1 | R38: 1 | S38: 1242 | T38: V0: [0,5,14,16,6,26] ; V1: [0,12,9,3,24,25,26] ; V2: [0,2,15,13,26] ; V3: [0,21,23,22,4,26] ; V4: [0,7,18,8,17,26] ; V5: [0,19,11,10,20,1,26] | U38: V0: [0,19,11,10,20,1,26] ; V1: [0,21,23,22,4,26] ; V2: [0,7,18,8,17,26] ; V3: [0,2,15,13,26] ; V4: [0,12,9,3,24,25,26] ; V5: [0,5,14,16,6,26] | V38: 46107.885 | Y38: R105 | Z38: 25 | AA38: 303 | AB38: 526 | AC38: 530.5 | AD38: 6 | AE38: 7 | AF38: 554 | AG38: 22.6 | AI38: R105 | AJ38: 25 | AL38: 191.3 | AM38: =(O38-AC38)/AC38 -> 0.0019577757 | AN38: 3 | AO38: 1 | AP38: =S38/AF38 -> 2.2418773 | AQ38: =M38/AG38 -> 2.016146 | AV38: 0 | AW38: 3999.3001 | AX38: instancias/c202,txt | AY38: 67.9489 | BA38: 1577.3656
A39: tam25_cap200_tabu0_inst0_cons10 | B39: instancias/r106,txt | C39: 0 | D39: 0 | E39: 10 | F39: 25 | G39: 27 | H39: 5 | I39: 200 | J39: 0 | K39: PD | L39: 1096.8556 | M39: 896.2332 | N39: 466,4802 | O39: 466,4802 | P39: 0 | Q39: 1 | R39: 135 | S39: 2515 | T39: V0: [0,2,15,23,22,4,25,21,26] ; V1: [0,14,16,6,13,26] ; V2: [0,7,19,11,10,26] ; V3: [0,18,8,17,5,26] ; V4: [0,1,9,20,3,24,12,26] | U39: V0: [0,2,15,23,22,4,25,21,26] ; V1: [0,7,19,11,10,26] ; V2: [0,1,9,20,3,24,12,26] ; V3: [0,14,16,6,13,26] ; V4: [0,18,8,17,5,26] | V39: 46107.908 | Y39: R106 | Z39: 25 | AA39: 458 | AB39: 457.3 | AC39: 467.4 | AD39: 5 | AE39: 15 | AF39: 2451 | AG39: 205.2 | AI39: R106 | AJ39: 25 | AL39: 191.3 | AM39: =(O39-AC39)/AC39 -> -0.0019679076 | AN39: 3 | AO39: 1 | AP39: =S39/AF39 -> 1.0261118 | AQ39: =M39/AG39 -> 4.3676082 | AV39: 1 | AW39: 3786.1477 | AX39: instancias/c203,txt | AY39: 20.2125 | BA39: 1251.4237
A40: tam25_cap200_tabu0_inst0_cons10 | B40: instancias/r107,txt | C40: 0 | D40: 0 | E40: 10 | F40: 25 | G40: 27 | H40: 4 | I40: 200 | J40: 0 | K40: PD | L40: 1201.4687 | M40: 191.867 | N40: 429,2004 | O40: 425,2685 | P40: -0.9161 | Q40: 0 | R40: 1 | S40: 1816 | T40: V0: [0,6,16,14,13,26] ; V1: [0,18,7,11,19,8,17,5,26] ; V2: [0,2,15,23,22,4,25,21,26] ; V3: [0,12,24,3,9,20,10,1,26] | U40: V0: [0,2,15,14,6,13,26] ; V1: [0,21,23,22,4,25,24,26] ; V2: [0,18,7,11,19,8,17,16,5,26] ; V3: [0,12,3,9,20,10,1,26] | V40: 46107.924 | Y40: R107 | Z40: 25 | AA40: 542 | AB40: 423 | AC40: 424.3 | AD40: 4 | AE40: 21 | AF40: 3191 | AG40: 304.1 | AI40: R107 | AJ40: 25 | AL40: 191.3 | AM40: =(O40-AC40)/AC40 -> 0.0022825831 | AN40: 3 | AO40: 1 | AP40: =S40/AF40 -> 0.5691006 | AQ40: =M40/AG40 -> 0.6309339 | AV40: 2 | AW40: 4212.7162 | AX40: instancias/c203,txt | AY40: 23.3106 | BA40: 1214.4434
A41: tam25_cap200_tabu0_inst0_cons10 | B41: instancias/r108,txt | C41: 0 | D41: 0 | E41: 10 | F41: 25 | G41: 27 | H41: 4 | I41: 200 | J41: 0 | K41: PD | L41: 1201.4432 | M41: 545.2921 | N41: 398,2947 | O41: 398,2947 | P41: 0 | Q41: 1 | R41: 25 | S41: 1920 | T41: V0: [0,21,22,23,4,25,24,26] ; V1: [0,7,10,11,19,8,18,26] ; V2: [0,12,3,9,20,1,26] ; V3: [0,2,15,14,16,17,5,6,13,26] | U41: V0: [0,7,10,11,19,8,18,26] ; V1: [0,2,15,14,16,17,5,6,13,26] ; V2: [0,12,3,9,20,1,26] ; V3: [0,21,22,23,4,25,24,26] | V41: 46107.944 | Y41: R108 | Z41: 25 | AA41: 586 | AB41: 396.2 | AC41: 397.2 | AD41: 4 | AE41: 3 | AF41: 1041 | AG41: 307.4 | AI41: R108 | AJ41: 25 | AL41: 191.3 | AM41: =(O41-AC41)/AC41 -> 0.0027560423 | AN41: 3 | AO41: 1 | AP41: =S41/AF41 -> 1.8443804 | AQ41: =M41/AG41 -> 1.7738845 | AV41: 3 | AW41: 3633.8025 | AX41: instancias/c202,txt | AY41: 2.2683 | BA41: 814.73283
A42: tam25_cap200_tabu0_inst0_cons10 | B42: instancias/r109,txt | C42: 0 | D42: 0 | E42: 10 | F42: 25 | G42: 27 | H42: 5 | I42: 200 | J42: 0 | K42: PD | L42: 69.6229 | M42: 64.655 | N42: 442,6252 | O42: 442,6252 | P42: 0 | Q42: 1 | R42: 1 | S42: 1730 | T42: V0: [0,2,15,14,16,17,13,26] ; V1: [0,5,8,18,6,26] ; V2: [0,21,22,23,4,25,24,26] ; V3: [0,12,3,9,20,1,26] ; V4: [0,7,19,11,10,26] | U42: V0: [0,21,22,23,4,25,24,26] ; V1: [0,12,3,9,20,1,26] ; V2: [0,2,15,14,16,17,13,26] ; V3: [0,5,8,18,6,26] ; V4: [0,7,19,11,10,26] | V42: 46107.946 | Y42: R109 | Z42: 25 | AA42: 411 | AB42: 441.3 | AC42: 441.3 | AD42: 5 | AE42: 1 | AF42: 207 | AG42: 14.4 | AI42: R109 | AJ42: 25 | AL42: 189.4 | AM42: =(O42-AC42)/AC42 -> 0.0030029458 | AN42: 3 | AO42: 3 | AP42: =S42/AF42 -> 8.3574879 | AQ42: =M42/AG42 -> 4.4899306 | AV42: 22 | AW42: 4554.6505 | AX42: instancias/c203,txt | AY42: 99.9047 | BA42: 2195.5316
A43: tam25_cap200_tabu0_inst0_cons10 | B43: instancias/r110,txt | C43: 0 | D43: 0 | E43: 10 | F43: 25 | G43: 27 | H43: 4 | I43: 200 | J43: 0 | K43: PD | L43: 1201.7543 | M43: 1085.352 | N43: -1 | O43: 445,8722 | R43: 91 | S43: 2664 | T43: SEM_SEQUENCIA_EXATO | U43: V0: [0,11,19,7,10,20,9,1,26] ; V1: [0,18,8,17,6,26] ; V2: [0,2,21,12,3,24,25,4,26] ; V3: [0,5,16,14,15,22,23,13,26] | V43: 46107.972 | Y43: R110 | Z43: 25 | AA43: 530 | AB43: 425.4 | AC43: 429.5 | AD43: 4 | AE43: 5 | AF43: 655 | AG43: 64.3 | AI43: R110 | AJ43: 25 | AM43: =(O43-AC43)/AC43 -> 0.038119208 | AP43: =S43/AF43 -> 4.0671756 | AQ43: =M43/AG43 -> 16.879502 | AV43: 10 | AW43: 3346.43 | AX43: instancias/r112,txt | AY43: 25.3171 | BA43: 545.35546
A44: tam25_cap200_tabu0_inst0_cons10 | B44: instancias/r111,txt | C44: 0 | D44: 0 | E44: 10 | F44: 25 | G44: 27 | H44: 4 | I44: 200 | J44: 0 | K44: PD | L44: 1201.4562 | M44: 313.9361 | N44: 440,9024 | O44: 429,6968 | P44: -2.5415 | Q44: 0 | R44: 29 | S44: 1988 | T44: V0: [0,6,14,16,17,5,26] ; V1: [0,2,15,23,22,21,4,25,24,26] ; V2: [0,3,9,20,10,1,12,26] ; V3: [0,7,11,19,8,18,13,26] | U44: V0: [0,7,11,19,8,18,17,5,26] ; V1: [0,12,3,9,20,10,1,26] ; V2: [0,2,15,14,16,6,13,26] ; V3: [0,21,23,22,4,25,24,26] | V44: 46107.99 | Y44: R111 | Z44: 25 | AA44: 526 | AB44: 423.5 | AC44: 428.8 | AD44: 4 | AE44: 15 | AF44: 2794 | AG44: 330 | AI44: R111 | AJ44: 25 | AM44: =(O44-AC44)/AC44 -> 0.0020914179 | AP44: =S44/AF44 -> 0.7115247 | AQ44: =M44/AG44 -> 0.95132152
A45: tam25_cap200_tabu0_inst0_cons10 | B45: instancias/r112,txt | C45: 0 | D45: 0 | E45: 10 | F45: 25 | G45: 27 | H45: 4 | I45: 200 | J45: 0 | K45: PD | L45: 1201.4874 | M45: 3346.43 | N45: 394,1013 | O45: 396,9838 | P45: 0.7314 | Q45: 0 | R45: 559 | S45: 3936 | T45: V0: [0,18,8,7,19,11,10,26] ; V1: [0,21,22,23,4,25,24,26] ; V2: [0,2,15,14,16,17,5,6,13,26] ; V3: [0,12,3,9,20,1,26] | U45: V0: [0,18,8,7,19,11,10,26] ; V1: [0,2,15,14,16,17,5,6,26] ; V2: [0,12,24,3,9,20,1,26] ; V3: [0,13,21,22,23,25,4,26] | V45: 46108.043 | Y45: R112 | Z45: 25 | AA45: 647 | AB45: 383.9 | AC45: 393 | AD45: 4 | AE45: 21 | AF45: 2643 | AG45: 623.3 | AI45: R112 | AJ45: 25 | AM45: =(O45-AC45)/AC45 -> 0.010136896 | AP45: =S45/AF45 -> 1.4892168 | AQ45: =M45/AG45 -> 5.3688914
A46: tam25_cap200_tabu0_inst0_cons10 | B46: instancias/c201,txt | C46: 0 | D46: 0 | E46: 10 | F46: 25 | G46: 27 | H46: 3 | I46: 200 | J46: 0 | K46: PD | L46: 3.8125 | M46: 3605.2733 | N46: 268,5325 | O46: 278,6961 | P46: 3.7849 | Q46: 0 | R46: 212 | S46: 5661 | T46: V0: [0,20,22,24,6,25,9,11,10,8,21,26] ; V1: [0,23,18,19,16,14,12,15,17,13,26] ; V2: [0,5,2,1,7,3,4,26] | U46: V0: [0,22,18,19,16,14,12,9,11,10,8,26] ; V1: [0,20,24,6,23,15,17,13,25,21,26] ; V2: [0,5,2,1,7,3,4,26] | V46: 46108.084
A47: tam25_cap200_tabu0_inst0_cons10 | B47: instancias/c202,txt | C47: 0 | D47: 0 | E47: 10 | F47: 25 | G47: 27 | H47: 3 | I47: 200 | J47: 0 | K47: PD | L47: 1201.3277 | M47: 3647.1527 | N47: 268,8531 | O47: 303,7789 | P47: 12.9906 | Q47: 0 | R47: 165 | S47: 5613 | T47: V0: [0,19,16,14,12,15,13,9,11,10,8,26] ; V1: [0,4,3,7,1,2,5,26] ; V2: [0,20,22,24,6,23,18,17,25,21,26] | U47: V0: [0,7,3,4,11,10,26] ; V1: [0,20,22,24,6,23,18,19,17,25,21,8,26] ; V2: [0,5,1,2,12,16,14,15,13,9,26] | V47: 46108.141
A48: tam25_cap200_tabu0_inst0_cons10 | B48: instancias/c203,txt | C48: 0 | D48: 0 | E48: 10 | F48: 25 | G48: 27 | H48: 3 | I48: 200 | J48: 0 | K48: PD | L48: 1202.2618 | M48: 3715.3124 | N48: 268,5325 | O48: 277,1327 | P48: 3.2026 | Q48: 0 | R48: 40 | S48: 5499 | T48: V0: [0,5,2,1,7,3,4,26] ; V1: [0,23,18,19,16,14,12,15,17,13,26] ; V2: [0,20,22,24,6,25,9,11,10,8,21,26] | U48: V0: [0,20,22,24,6,23,19,18,17,25,21,26] ; V1: [0,4,3,7,1,12,14,16,15,13,9,26] ; V2: [0,5,2,11,10,8,26] | V48: 46108.197
A49: tam25_cap200_tabu0_inst0_cons10 | B49: instancias/c204,txt | C49: 0 | D49: 0 | E49: 10 | F49: 25 | G49: 27 | H49: 3 | I49: 200 | J49: 0 | K49: PD | L49: 1202.3225 | M49: 3622.8786 | N49: 268,5947 | O49: 291,5318 | P49: 8.5397 | Q49: 0 | R49: 727 | S49: 6333 | T49: V0: [0,17,18,19,16,14,12,15,13,26] ; V1: [0,20,22,24,6,23,25,9,11,10,8,21,26] ; V2: [0,5,2,1,7,3,4,26] | U49: V0: [0,12,14,16,9,26] ; V1: [0,4,3,7,1,2,5,11,10,8,21,22,20,26] ; V2: [0,24,6,23,17,18,19,15,13,25,26] | V49: 46108.253
A50: tam25_cap200_tabu0_inst0_cons10 | B50: instancias/c205,txt | C50: 0 | D50: 0 | E50: 10 | F50: 25 | G50: 27 | H50: 3 | I50: 200 | J50: 0 | K50: PD | L50: 326.6654 | M50: 3600.2022 | N50: 268,5325 | O50: 281,4628 | P50: 4.8151 | Q50: 0 | R50: 252 | S50: 4818 | T50: V0: [0,23,18,19,16,14,12,15,17,13,26] ; V1: [0,20,22,24,6,25,9,11,10,8,21,26] ; V2: [0,5,2,1,7,3,4,26] | U50: V0: [0,23,18,19,16,14,12,15,10,11,26] ; V1: [0,20,22,24,6,25,17,13,9,8,21,26] ; V2: [0,5,2,1,7,3,4,26] | V50: 46108.299
A51: tam25_cap200_tabu0_inst0_cons10 | B51: instancias/c206,txt | C51: 0 | D51: 0 | E51: 10 | F51: 25 | G51: 27 | H51: 3 | I51: 200 | J51: 0 | K51: PD | L51: 1202.2047 | M51: 3616.8991 | N51: 266,5696 | O51: 278,4903 | P51: 4.4719 | Q51: 0 | R51: 51 | S51: 1425 | T51: V0: [0,5,2,1,7,3,4,26] ; V1: [0,20,22,24,6,23,18,19,17,25,21,26] ; V2: [0,12,14,16,15,13,9,11,10,8,26] | U51: V0: [0,2,12,14,16,15,13,9,11,10,26] ; V1: [0,20,22,24,6,23,18,19,17,25,21,8,26] ; V2: [0,5,1,7,3,4,26] | V51: 46108.355 | Y51: LITERATURA | AI51: 10 X LITERATURA SEM Mip
A52: tam25_cap200_tabu0_inst0_cons10 | B52: instancias/c207,txt | C52: 0 | D52: 0 | E52: 10 | F52: 25 | G52: 27 | H52: 3 | I52: 200 | J52: 0 | K52: PD | L52: 1203.0579 | M52: 3632.0883 | N52: 264,6319 | O52: 266,7108 | P52: 0.7856 | Q52: 0 | R52: 59 | S52: 2862 | T52: V0: [0,5,2,1,7,3,4,26] ; V1: [0,8,9,15,19,16,14,12,11,10,26] ; V2: [0,20,22,24,6,23,18,17,13,25,21,26] | U52: V0: [0,10,9,13,15,17,25,21,26] ; V1: [0,20,22,24,6,23,18,19,16,14,12,11,8,26] ; V2: [0,5,2,1,7,3,4,26] | V52: 46108.41 | Y52: Problema | Z52: Nodes | AA52: Arcs | AB52: LP | AC52: IP | AD52: Vehicles | AE52: BB_Nodes | AF52: Columns | AG52: CPU | AI52: Problema | AJ52: Nodes | AK52: Arcs | AL52: LP | AM52: IP | AN52: Vehicles | AO52: BB_Nodes | AP52: Columns | AQ52: CPU
A53: tam25_cap200_tabu0_inst0_cons10 | B53: instancias/c208,txt | C53: 0 | D53: 0 | E53: 10 | F53: 25 | G53: 27 | H53: 3 | I53: 200 | J53: 0 | K53: PD | L53: 1202.6677 | M53: 3738.814 | N53: 265,8097 | O53: 265,8097 | P53: 0 | Q53: 1 | R53: 136 | S53: 2850 | T53: V0: [0,12,14,16,19,15,13,9,11,10,8,26] ; V1: [0,5,2,1,7,3,4,26] ; V2: [0,20,22,24,6,23,18,17,25,21,26] | U53: V0: [0,20,22,24,6,23,18,17,25,21,26] ; V1: [0,12,14,16,19,15,13,9,11,10,8,26] ; V2: [0,5,2,1,7,3,4,26] | V53: 46108.468 | Y53: R101 | Z53: 25 | AA53: 227 | AB53: 617.1 | AC53: 617.1 | AD53: 8 | AE53: 1 | AF53: 78 | AG53: 5.8 | AI53: R101 | AJ53: 25 | AL53: 191.3 | AM53: =(O20-AC53)/AC53 -> 0.0019930319 | AN53: 3 | AO53: 1 | AP53: =S53/AF53 -> 36.538462 | AQ53: =M53/AG53 -> 644.6231
Y54: R102 | Z54: 25 | AA54: 404 | AB54: 546.4 | AC54: 547.1 | AD54: 7 | AE54: 3 | AF54: 165 | AG54: 20.3 | AI54: R102 | AJ54: 25 | AL54: 190.3 | AM54: =(O21-AC54)/AC54 -> 0.0018420764 | AN54: 3 | AO54: 1 | AP54: =S54/AF54 -> 0 | AQ54: =M54/AG54 -> 0
Y55: R103 | Z55: 25 | AA55: 510 | AB55: 454.6 | AC55: 454.6 | AD55: 5 | AE55: 1 | AF55: 246 | AG55: 22.2 | AI55: R103 | AJ55: 25 | AL55: 190.3 | AM55: =(O22-AC55)/AC55 -> 0.0024157501 | AN55: 3 | AO55: 1 | AP55: =S55/AF55 -> 0 | AQ55: =M55/AG55 -> 0
A56: com mip- mesma semente | Y56: R104 | Z56: 25 | AA56: 559 | AB56: 416.9 | AC56: 416.9 | AD56: 4 | AE56: 1 | AF56: 419 | AG56: 46 | AI56: R104 | AJ56: 25 | AL56: 186.9 | AM56: =(O23-AC56)/AC56 -> 0.0025454545 | AN56: 3 | AO56: 1 | AP56: =S56/AF56 -> 0 | AQ56: =M56/AG56 -> 0
A57: tam25_cap200_tabu0_inst0_cons10 | B57: instancias/c101N,txt | C57: 0 | D57: 0 | E57: 10 | F57: 25 | G57: 27 | H57: 3 | I57: 200 | J57: 0 | K57: PD | L57: 0.2703 | M57: 234.2785 | N57: 191.3 | O57: 191.3 | P57: 0 | Q57: 1 | R57: 1 | S57: 1284 | T57: V0: [0,13,17,18,19,15,16,14,12,26] ; V1: [0,20,24,25,23,22,21,26] ; V2: [0,5,3,7,8,10,11,9,6,4,2,1,26] | U57: V0: [0,13,17,18,19,15,16,14,12,26] ; V1: [0,5,3,7,8,10,11,9,6,4,2,1,26] ; V2: [0,20,24,25,23,22,21,26] | V57: 46117.389 | Y57: R105 | Z57: 25 | AA57: 303 | AB57: 526 | AC57: 530.5 | AD57: 6 | AE57: 7 | AF57: 554 | AG57: 22.6 | AI57: R105 | AJ57: 25 | AL57: 191.3 | AM57: =(O24-AC57)/AC57 -> 0.0019577757 | AN57: 3 | AO57: 1 | AP57: =S57/AF57 -> 2.3176895 | AQ57: =M57/AG57 -> 10.366305
A58: tam25_cap200_tabu0_inst0_cons10 | B58: instancias/c102,txt | C58: 0 | D58: 0 | E58: 10 | F58: 25 | G58: 27 | H58: 3 | I58: 200 | J58: 0 | K58: PD | L58: 27.1456 | M58: 687.811 | N58: 190.3 | O58: 190.3 | P58: 0 | Q58: 1 | R58: 1 | S58: 2562 | T58: V0: [0,13,17,18,19,15,16,14,12,26] ; V1: [0,20,24,25,23,22,21,26] ; V2: [0,7,8,10,11,9,6,4,2,1,3,5,26] | U58: V0: [0,20,24,25,23,22,21,26] ; V1: [0,13,17,18,19,15,16,14,12,26] ; V2: [0,7,8,10,11,9,6,4,2,1,3,5,26] | V58: 46117.398 | Y58: R106 | Z58: 25 | AA58: 458 | AB58: 457.3 | AC58: 467.4 | AD58: 5 | AE58: 15 | AF58: 2451 | AG58: 205.2 | AI58: R106 | AJ58: 25 | AL58: 191.3 | AM58: =(O25-AC58)/AC58 -> -0.0019679076 | AN58: 3 | AO58: 1 | AP58: =S58/AF58 -> 1.0452876 | AQ58: =M58/AG58 -> 3.3519055
A59: tam25_cap200_tabu0_inst0_cons10 | B59: instancias/c103,txt | C59: 0 | D59: 0 | E59: 10 | F59: 25 | G59: 27 | H59: 3 | I59: 200 | J59: 0 | K59: PD | L59: 601.2561 | M59: 3292.6818 | N59: 190.3 | O59: 190.3 | P59: 0 | Q59: 1 | R59: 1 | S59: 2550 | T59: V0: [0,20,24,25,23,22,21,26] ; V1: [0,13,17,18,19,15,16,14,12,26] ; V2: [0,7,8,10,11,9,6,4,2,1,3,5,26] | U59: V0: [0,13,17,18,19,15,16,14,12,26] ; V1: [0,20,24,25,23,22,21,26] ; V2: [0,7,8,10,11,9,6,4,2,1,3,5,26] | V59: 46117.443 | Y59: R107 | Z59: 25 | AA59: 542 | AB59: 423 | AC59: 424.3 | AD59: 4 | AE59: 21 | AF59: 3191 | AG59: 304.1 | AI59: R107 | AJ59: 25 | AL59: 191.3 | AM59: =(O26-AC59)/AC59 -> 0.0022825831 | AN59: 3 | AO59: 1 | AP59: =S59/AF59 -> 0.79912253 | AQ59: =M59/AG59 -> 10.827628
A60: tam25_cap200_tabu0_inst0_cons10 | B60: instancias/c104,txt | C60: 0 | D60: 0 | E60: 10 | F60: 25 | G60: 27 | H60: 3 | I60: 200 | J60: 0 | K60: PD | L60: 325.1313 | M60: 1082.2246 | N60: 186.9 | O60: 186.9 | P60: 0 | Q60: 1 | R60: 1 | S60: 2535 | T60: V0: [0,7,8,11,9,6,4,2,1,3,5,26] ; V1: [0,20,24,25,23,22,21,26] ; V2: [0,13,17,18,19,15,16,14,12,10,26] | U60: V0: [0,7,8,11,9,6,4,2,1,3,5,26] ; V1: [0,13,17,18,19,15,16,14,12,10,26] ; V2: [0,20,24,25,23,22,21,26] | V60: 46117.459 | Y60: R108 | Z60: 25 | AA60: 586 | AB60: 396.2 | AC60: 397.2 | AD60: 4 | AE60: 3 | AF60: 1041 | AG60: 307.4 | AI60: R108 | AJ60: 25 | AL60: 191.3 | AM60: =(O27-AC60)/AC60 -> 0.0027560423 | AN60: 3 | AO60: 1 | AP60: =S60/AF60 -> 2.4351585 | AQ60: =M60/AG60 -> 3.5205745
A61: tam25_cap200_tabu0_inst0_cons10 | B61: instancias/c105,txt | C61: 0 | D61: 0 | E61: 10 | F61: 25 | G61: 27 | H61: 3 | I61: 200 | J61: 0 | K61: PD | L61: 0.5444 | M61: 760.7758 | N61: 191.3 | O61: 191.3 | P61: 0 | Q61: 1 | R61: 1 | S61: 2355 | T61: V0: [0,13,17,18,19,15,16,14,12,26] ; V1: [0,5,3,7,8,10,11,9,6,4,2,1,26] ; V2: [0,20,24,25,23,22,21,26] | U61: V0: [0,5,3,7,8,10,11,9,6,4,2,1,26] ; V1: [0,13,17,18,19,15,16,14,12,26] ; V2: [0,20,24,25,23,22,21,26] | V61: 46117.468 | Y61: R109 | Z61: 25 | AA61: 411 | AB61: 441.3 | AC61: 441.3 | AD61: 5 | AE61: 1 | AF61: 207 | AG61: 14.4 | AI61: R109 | AJ61: 25 | AL61: 189.4 | AM61: =(O28-AC61)/AC61 -> 0.0030029458 | AN61: 3 | AO61: 3 | AP61: =S61/AF61 -> 11.376812 | AQ61: =M61/AG61 -> 52.831653
A62: tam25_cap200_tabu0_inst0_cons10 | B62: instancias/c106,txt | C62: 0 | D62: 0 | E62: 10 | F62: 25 | G62: 27 | H62: 3 | I62: 200 | J62: 0 | K62: PD | L62: 0.2769 | M62: 181.3435 | N62: 191.3 | O62: 191.3 | P62: 0 | Q62: 1 | R62: 1 | S62: 1236 | T62: V0: [0,20,24,25,23,22,21,26] ; V1: [0,5,3,7,8,10,11,9,6,4,2,1,26] ; V2: [0,13,17,18,19,15,16,14,12,26] | U62: V0: [0,5,3,7,8,10,11,9,6,4,2,1,26] ; V1: [0,13,17,18,19,15,16,14,12,26] ; V2: [0,20,24,25,23,22,21,26] | V62: 46117.47 | Y62: R110 | Z62: 25 | AA62: 530 | AB62: 425.4 | AC62: 429.5 | AD62: 4 | AE62: 5 | AF62: 655 | AG62: 64.3 | AI62: R110 | AJ62: 25 | AM62: =(O29-AC62)/AC62 -> 0.038119208 | AP62: =S62/AF62 -> 1.8870229 | AQ62: =M62/AG62 -> 2.8202722
A63: tam25_cap200_tabu0_inst0_cons10 | B63: instancias/c107,txt | C63: 0 | D63: 0 | E63: 10 | F63: 25 | G63: 27 | H63: 3 | I63: 200 | J63: 0 | K63: PD | L63: 0.5056 | M63: 1106.9342 | N63: 191.3 | O63: 191.3 | P63: 0 | Q63: 1 | R63: 1 | S63: 2922 | T63: V0: [0,20,24,25,23,22,21,26] ; V1: [0,5,3,7,8,10,11,9,6,4,2,1,26] ; V2: [0,13,17,18,19,15,16,14,12,26] | U63: V0: [0,13,17,18,19,15,16,14,12,26] ; V1: [0,20,24,25,23,22,21,26] ; V2: [0,5,3,7,8,10,11,9,6,4,2,1,26] | V63: 46117.483 | Y63: R111 | Z63: 25 | AA63: 526 | AB63: 423.5 | AC63: 428.8 | AD63: 4 | AE63: 15 | AF63: 2794 | AG63: 330 | AI63: R111 | AJ63: 25 | AM63: =(O30-AC63)/AC63 -> 0.0020914179 | AP63: =S63/AF63 -> 1.0458125 | AQ63: =M63/AG63 -> 3.3543461
A64: tam25_cap200_tabu0_inst0_cons10 | B64: instancias/c108,txt | C64: 0 | D64: 0 | E64: 10 | F64: 25 | G64: 27 | H64: 3 | I64: 200 | J64: 0 | K64: PD | L64: 14.5905 | M64: 968.0916 | N64: 191.3 | O64: 191.3 | P64: 0 | Q64: 1 | R64: 1 | S64: 2718 | T64: V0: [0,13,17,18,19,15,16,14,12,26] ; V1: [0,5,3,7,8,10,11,9,6,4,2,1,26] ; V2: [0,20,24,25,23,22,21,26] | U64: V0: [0,13,17,18,19,15,16,14,12,26] ; V1: [0,5,3,7,8,10,11,9,6,4,2,1,26] ; V2: [0,20,24,25,23,22,21,26] | V64: 46117.494 | Y64: R112 | Z64: 25 | AA64: 647 | AB64: 383.9 | AC64: 393 | AD64: 4 | AE64: 21 | AF64: 2643 | AG64: 623.3 | AI64: R112 | AJ64: 25 | AM64: =(O31-AC64)/AC64 -> 0.0053203562 | AP64: =S64/AF64 -> 1.0283768 | AQ64: =M64/AG64 -> 1.5531712
A65: tam25_cap200_tabu0_inst0_cons10 | B65: instancias/c109,txt | C65: 0 | D65: 0 | E65: 10 | F65: 25 | G65: 27 | H65: 3 | I65: 200 | J65: 0 | K65: PD | L65: 600.4621 | M65: 706.8116 | N65: 191.3 | O65: 191.3 | P65: 0 | Q65: 1 | R65: 1 | S65: 1518 | T65: V0: [0,20,24,25,23,22,21,26] ; V1: [0,13,17,18,19,15,16,14,12,26] ; V2: [0,5,3,7,8,10,11,9,6,4,2,1,26] | U65: V0: [0,13,17,18,19,15,16,14,12,26] ; V1: [0,20,24,25,23,22,21,26] ; V2: [0,5,3,7,8,10,11,9,6,4,2,1,26] | V65: 46117.509
A68: variaçao=mesmaSemente_comesemmip | AA68: MIP | AD68: MIP
Y69: instancias/r101,txt | Z69: 618.3299 | AA69: 618,3299 | AC69: 83.8383 | AD69: 25.3171
A70: tam25_cap200_tabu0_inst0_cons10 | B70: instancias/c201,txt | C70: 0 | D70: 0 | E70: 10 | F70: 25 | G70: 27 | H70: 3 | I70: 200 | J70: 0 | K70: PD | L70: 3.0007 | M70: 3605.002 | N70: 267.7 | O70: 290.1 | P70: 8.3676 | Q70: 0 | R70: 504 | S70: 2520 | T70: False | U70: V0: [0,20,22,24,6,25,9,11,10,8,21,26] ; V1: [0,5,2,1,7,3,4,26] ; V2: [0,23,18,19,16,14,12,15,17,13,26] | V70: V0: [0,2,16,14,15,17,25,21,26] ; V1: [0,20,22,24,6,23,18,19,12,13,9,11,10,8,26] ; V2: [0,5,1,7,3,4,26] | W70: 46117.875 | Y70: instancias/r102,txt | Z70: 548.1078 | AA70: 548,1078 | AC70: 3688.5971 | AD70: 1620.0409
A71: tam25_cap200_tabu0_inst0_cons10 | B71: instancias/c202,txt | C71: 0 | D71: 0 | E71: 10 | F71: 25 | G71: 27 | H71: 3 | I71: 200 | J71: 0 | K71: PD | L71: 14.0547 | M71: 4305.5973 | N71: 291.4 | O71: 315.9 | P71: 8.4077 | Q71: 0 | R71: 3 | S71: 2124 | T71: True | U71: V0: [0,21,25,8,26] ; V1: [0,20,22,24,6,23,18,19,15,17,11,5,26] ; V2: [0,4,3,7,1,2,12,16,14,13,9,10,26] | V71: V0: [0,5,3,1,12,16,14,15,25,8,26] ; V1: [0,4,7,2,26] ; V2: [0,20,22,24,6,21,23,18,19,17,13,9,11,10,26] | W71: 46118.514 | Y71: instancias/r103,txt | Z71: 455.6982 | AA71: 455,6982 | AC71: 1528.8382 | AD71: 185.2481
A72: tam25_cap200_tabu0_inst0_cons10 | B72: instancias/c203,txt | C72: 0 | D72: 0 | E72: 10 | F72: 25 | G72: 27 | H72: 3 | I72: 200 | J72: 0 | K72: PD | L72: 6.8393 | M72: 3675.0829 | N72: 302 | O72: 269 | P72: -10.9272 | Q72: 0 | R72: 60 | S72: 4725 | T72: True | U72: V0: [0,21,25,9,11,10,26] ; V1: [0,1,7,3,4,2,5,12,14,16,15,26] ; V2: [0,20,22,24,6,23,18,19,17,13,8,26] | V72: V0: [0,4,3,7,1,2,5,11,10,8,26] ; V1: [0,20,22,24,6,23,25,21,26] ; V2: [0,12,14,16,19,15,18,17,13,9,26] | W72: 46118.734 | Y72: instancias/r104,txt | Z72: 417.9612 | AA72: 417,9612 | AC72: 848.9515 | AD72: 162.7161
A73: tam25_cap200_tabu0_inst0_cons10 | B73: instancias/c204,txt | C73: 0 | D73: 0 | E73: 10 | F73: 25 | G73: 27 | H73: 3 | I73: 200 | J73: 0 | K73: PD | L73: 60.2869 | M73: 3885.1981 | N73: 278.1 | O73: 277.7 | P73: -0.1438 | Q73: 0 | R73: 3 | S73: 3858 | T73: True | U73: V0: [0,4,3,7,1,2,15,13,9,11,10,8,26] ; V1: [0,20,6,24,22,21,26] ; V2: [0,5,12,14,16,19,18,17,23,25,26] | V73: V0: [0,20,22,24,6,23,18,19,17,25,21,8,26] ; V1: [0,2,12,14,16,15,13,9,11,10,26] ; V2: [0,4,3,7,1,5,26] | W73: 46118.822 | Y73: instancias/r105,txt | Z73: 531.5386 | AA73: 531,5386 | AC73: 267.1819 | AD73: 45.5649
A74: tam25_cap200_tabu0_inst0_cons10 | B74: instancias/c205,txt | C74: 0 | D74: 0 | E74: 10 | F74: 25 | G74: 27 | H74: 3 | I74: 200 | J74: 0 | K74: PD | L74: 60.2372 | M74: 3653.6029 | N74: 267.7 | O74: 272.7 | P74: 1.8678 | Q74: 0 | R74: 64 | S74: 4221 | T74: True | U74: V0: [0,20,22,24,6,25,9,11,10,8,21,26] ; V1: [0,5,2,1,7,3,4,26] ; V2: [0,23,18,19,16,14,12,15,17,13,26] | V74: V0: [0,12,16,14,15,13,9,11,10,26] ; V1: [0,20,22,24,6,23,18,19,17,25,21,8,26] ; V2: [0,5,2,1,7,3,4,26] | W74: 46118.907 | Y74: instancias/r106,txt | Z74: 466.4802 | AA74: 466,4802 | AC74: 3642.4569 | AD74: 896.2332
A75: tam25_cap200_tabu0_inst0_cons10 | B75: instancias/c206,txt | C75: 0 | D75: 0 | E75: 10 | F75: 25 | G75: 27 | H75: 3 | I75: 200 | J75: 0 | K75: PD | L75: 60.8873 | M75: 3855.4402 | N75: 265.7 | O75: 268.7 | P75: 1.1291 | Q75: 0 | R75: 13 | S75: 1785 | T75: True | U75: V0: [0,12,14,16,15,13,9,11,10,8,26] ; V1: [0,20,22,24,6,23,18,19,17,25,21,26] ; V2: [0,5,2,1,7,3,4,26] | V75: V0: [0,20,22,24,6,23,18,19,17,13,9,11,10,8,26] ; V1: [0,12,14,16,15,25,21,26] ; V2: [0,5,2,1,7,3,4,26] | W75: 46118.995 | Y75: instancias/r107,txt | Z75: 425.2685 | AA75: 425,2685 | AC75: 1103.3267 | AD75: 191.867
A76: tam25_cap200_tabu0_inst0_cons10 | B76: instancias/c207,txt | C76: 0 | D76: 0 | E76: 10 | F76: 25 | G76: 27 | H76: 3 | I76: 200 | J76: 0 | K76: PD | L76: 60.7441 | M76: 3673.9273 | N76: 264.7 | O76: 264.2 | P76: -0.1889 | Q76: 0 | R76: 13 | S76: 3195 | T76: True | U76: V0: [0,20,22,24,6,23,18,19,17,25,21,26] ; V1: [0,5,2,1,7,3,4,26] ; V2: [0,8,9,12,14,16,15,13,11,10,26] | V76: V0: [0,20,22,24,6,23,18,17,25,21,26] ; V1: [0,5,2,1,7,3,4,26] ; V2: [0,8,13,15,19,16,14,12,9,11,10,26] | W76: 46119.082 | X76: m | Y76: instancias/r108,txt | Z76: 398.2947 | AA76: 398,2947 | AC76: 3735.8646 | AD76: 545.2921
Y77: instancias/r109,txt | Z77: 442.6252 | AA77: 442,6252 | AC77: 792.7108 | AD77: 64.655
Y78: instancias/r110,txt | Z78: 445.8722 | AA78: 445,8722 | AC78: 4107.8911 | AD78: 1085.352
Y79: instancias/r111,txt | Z79: 429.6968 | AA79: 429,6968 | AC79: 2720.2744 | AD79: 313.9361
Y80: instancias/r112,txt | Z80: 395.0909 | AA80: 396,9838 | AC80: 3610.0806 | AD80: 3346.43
A84: Instancia | B84: FO_sem | C84: FO_com | D84: Tempo_sem | E84: Tempo_com | F84: Gap_sem | G84: Gap_com | H84: Melhoria_FO | I84: Delta_Tempo
A85: c201 | B85: 290.1 | C85: 290.1 | D85: 3605.002 | E85: 3637.509 | F85: 8.3676 | G85: -3.6315 | H85: =(B85-C85)/B85 -> 0 | I85: =(E85-D85)/D85 -> 0.0090171933
A86: c202 | B86: 321.1 | C86: 280 | D86: 3637.509 | E86: 4375.8422 | F86: -3.6315 | G86: -15.9664 | H86: =(B86-C86)/B86 -> 0.12799751 | I86: =(E86-D86)/D86 -> 0.2029777
A87: c203 | B87: 291.7 | C87: 269 | D87: 3607.7972 | E87: 3675.0829 | G87: -10.9272 | H87: =(B87-C87)/B87 -> 0.077819678 | I87: =(E87-D87)/D87 -> 0.018650078
A88: c204 | B88: 328.8 | C88: 277.7 | D88: 3618.3038 | E88: 3885.1981 | F88: 18.2309 | G88: -0.1438 | H88: =(B88-C88)/B88 -> 0.15541363 | I88: =(E88-D88)/D88 -> 0.073762269
A89: c205 | B89: 274 | C89: 272.7 | D89: 3634.4701 | E89: 3653.6029 | F89: 2.3534 | G89: 1.8678 | H89: =(B89-C89)/B89 -> 0.0047445255 | I89: =(E89-D89)/D89 -> 0.0052642612
A90: c206 | B90: 268.7 | C90: 268.7 | D90: 3661.507 | E90: 3855.4402 | F90: 1.1291 | G90: 1.1291 | H90: =(B90-C90)/B90 -> 0 | I90: =(E90-D90)/D90 -> 0.052965405
A91: c207 | B91: 266.2 | C91: 264.2 | D91: 3770.124 | E91: 3673.9273 | F91: 0.5667 | G91: -0.1889 | H91: =(B91-C91)/B91 -> 0.007513148 | I91: =(E91-D91)/D91 -> -0.025515527
A95: variaçao=mesmaSemente_comesemmip
A97: tam25_cap200_tabu0_inst0_cons10 | B97: instancias/c201,txt | C97: 0 | D97: 0 | E97: 10 | F97: 25 | G97: 27 | H97: 3 | I97: 200 | J97: 0 | K97: PD | L97: 3.0007 | M97: 3605.002 | N97: 267.7 | O97: 290.1 | P97: 8.3676 | Q97: 0 | R97: 504 | S97: 2520 | T97: False | U97: V0: [0,20,22,24,6,25,9,11,10,8,21,26] ; V1: [0,5,2,1,7,3,4,26] ; V2: [0,23,18,19,16,14,12,15,17,13,26] | V97: V0: [0,2,16,14,15,17,25,21,26] ; V1: [0,20,22,24,6,23,18,19,12,13,9,11,10,8,26] ; V2: [0,5,1,7,3,4,26] | W97: 46117.875
A98: tam25_cap200_tabu0_inst0_cons10 | B98: instancias/c202,txt | C98: 0 | D98: 0 | E98: 10 | F98: 25 | G98: 27 | H98: 3 | I98: 200 | J98: 0 | K98: PD | L98: 14.0547 | M98: 3602.4236 | N98: 291.4 | O98: -1 | R98: 0 | S98: 0 | T98: False | U98: V0: [0,21,25,8,26] ; V1: [0,20,22,24,6,23,18,19,15,17,11,5,26] ; V2: [0,4,3,7,1,2,12,16,14,13,9,10,26] | V98: SEM_SEQUENCIA_BP | W98: 46118.465
A99: tam25_cap200_tabu0_inst0_cons10 | B99: instancias/c202,txt | C99: 0 | D99: 0 | E99: 10 | F99: 25 | G99: 27 | H99: 3 | I99: 200 | J99: 0 | K99: PD | L99: 14.0547 | M99: 4305.5973 | N99: 291.4 | O99: 315.9 | P99: 8.4077 | Q99: 0 | R99: 3 | S99: 2124 | T99: True | U99: V0: [0,21,25,8,26] ; V1: [0,20,22,24,6,23,18,19,15,17,11,5,26] ; V2: [0,4,3,7,1,2,12,16,14,13,9,10,26] | V99: V0: [0,5,3,1,12,16,14,15,25,8,26] ; V1: [0,4,7,2,26] ; V2: [0,20,22,24,6,21,23,18,19,17,13,9,11,10,26] | W99: 46118.514
A100: tam25_cap200_tabu0_inst0_cons10 | B100: instancias/c203,txt | C100: 0 | D100: 0 | E100: 10 | F100: 25 | G100: 27 | H100: 3 | I100: 200 | J100: 0 | K100: PD | L100: 9.9198 | M100: 3607.7972 | N100: 291.7 | O100: -1 | R100: 0 | S100: 0 | T100: False | U100: V0: [0,21,25,9,11,10,26] ; V1: [0,4,3,7,1,2,12,14,16,15,5,26] ; V2: [0,20,22,24,6,23,18,19,17,13,8,26] | V100: SEM_SEQUENCIA_BP | W100: 46118.562
A101: tam25_cap200_tabu0_inst0_cons10 | B101: instancias/c203,txt | C101: 0 | D101: 0 | E101: 10 | F101: 25 | G101: 27 | H101: 3 | I101: 200 | J101: 0 | K101: PD | L101: 6.8393 | M101: 3675.0829 | N101: 302 | O101: 269 | P101: -10.9272 | Q101: 0 | R101: 60 | S101: 4725 | T101: True | U101: V0: [0,21,25,9,11,10,26] ; V1: [0,1,7,3,4,2,5,12,14,16,15,26] ; V2: [0,20,22,24,6,23,18,19,17,13,8,26] | V101: V0: [0,4,3,7,1,2,5,11,10,8,26] ; V1: [0,20,22,24,6,23,25,21,26] ; V2: [0,12,14,16,19,15,18,17,13,9,26] | W101: 46118.734
A102: tam25_cap200_tabu0_inst0_cons10 | B102: instancias/c204,txt | C102: 0 | D102: 0 | E102: 10 | F102: 25 | G102: 27 | H102: 3 | I102: 200 | J102: 0 | K102: PD | L102: 60.2869 | M102: 3618.3038 | N102: 278.1 | O102: 328.8 | P102: 18.2309 | Q102: 0 | R102: 97 | S102: 3120 | T102: False | U102: V0: [0,4,3,7,1,2,15,13,9,11,10,8,26] ; V1: [0,20,6,24,22,21,26] ; V2: [0,5,12,14,16,19,18,17,23,25,26] | V102: V0: [0,4,3,1,2,10,12,17,9,11,7,5,8,21,26] ; V1: [0,23,18,19,16,14,15,13,25,26] ; V2: [0,20,22,24,6,26] | W102: 46118.777
A103: tam25_cap200_tabu0_inst0_cons10 | B103: instancias/c204,txt | C103: 0 | D103: 0 | E103: 10 | F103: 25 | G103: 27 | H103: 3 | I103: 200 | J103: 0 | K103: PD | L103: 60.2869 | M103: 3885.1981 | N103: 278.1 | O103: 277.7 | P103: -0.1438 | Q103: 0 | R103: 3 | S103: 3858 | T103: True | U103: V0: [0,4,3,7,1,2,15,13,9,11,10,8,26] ; V1: [0,20,6,24,22,21,26] ; V2: [0,5,12,14,16,19,18,17,23,25,26] | V103: V0: [0,20,22,24,6,23,18,19,17,25,21,8,26] ; V1: [0,2,12,14,16,15,13,9,11,10,26] ; V2: [0,4,3,7,1,5,26] | W103: 46118.822
A104: tam25_cap200_tabu0_inst0_cons10 | B104: instancias/c205,txt | C104: 0 | D104: 0 | E104: 10 | F104: 25 | G104: 27 | H104: 3 | I104: 200 | J104: 0 | K104: PD | L104: 60.2372 | M104: 3634.4701 | N104: 267.7 | O104: 274 | P104: 2.3534 | Q104: 0 | R104: 82 | S104: 3450 | T104: False | U104: V0: [0,20,22,24,6,25,9,11,10,8,21,26] ; V1: [0,5,2,1,7,3,4,26] ; V2: [0,23,18,19,16,14,12,15,17,13,26] | V104: V0: [0,14,16,12,15,25,21,26] ; V1: [0,20,22,24,6,23,18,19,17,13,9,11,10,8,26] ; V2: [0,5,2,1,7,3,4,26] | W104: 46118.865
A105: tam25_cap200_tabu0_inst0_cons10 | B105: instancias/c205,txt | C105: 0 | D105: 0 | E105: 10 | F105: 25 | G105: 27 | H105: 3 | I105: 200 | J105: 0 | K105: PD | L105: 60.2372 | M105: 3653.6029 | N105: 267.7 | O105: 272.7 | P105: 1.8678 | Q105: 0 | R105: 64 | S105: 4221 | T105: True | U105: V0: [0,20,22,24,6,25,9,11,10,8,21,26] ; V1: [0,5,2,1,7,3,4,26] ; V2: [0,23,18,19,16,14,12,15,17,13,26] | V105: V0: [0,12,16,14,15,13,9,11,10,26] ; V1: [0,20,22,24,6,23,18,19,17,25,21,8,26] ; V2: [0,5,2,1,7,3,4,26] | W105: 46118.907
A106: tam25_cap200_tabu0_inst0_cons10 | B106: instancias/c206,txt | C106: 0 | D106: 0 | E106: 10 | F106: 25 | G106: 27 | H106: 3 | I106: 200 | J106: 0 | K106: PD | L106: 60.8873 | M106: 3661.507 | N106: 265.7 | O106: 268.7 | P106: 1.1291 | Q106: 0 | R106: 14 | S106: 1320 | T106: False | U106: V0: [0,12,14,16,15,13,9,11,10,8,26] ; V1: [0,20,22,24,6,23,18,19,17,25,21,26] ; V2: [0,5,2,1,7,3,4,26] | V106: V0: [0,12,14,16,15,25,21,26] ; V1: [0,20,22,24,6,23,18,19,17,13,9,11,10,8,26] ; V2: [0,5,2,1,7,3,4,26] | W106: 46118.95
A107: tam25_cap200_tabu0_inst0_cons10 | B107: instancias/c206,txt | C107: 0 | D107: 0 | E107: 10 | F107: 25 | G107: 27 | H107: 3 | I107: 200 | J107: 0 | K107: PD | L107: 60.8873 | M107: 3855.4402 | N107: 265.7 | O107: 268.7 | P107: 1.1291 | Q107: 0 | R107: 13 | S107: 1785 | T107: True | U107: V0: [0,12,14,16,15,13,9,11,10,8,26] ; V1: [0,20,22,24,6,23,18,19,17,25,21,26] ; V2: [0,5,2,1,7,3,4,26] | V107: V0: [0,20,22,24,6,23,18,19,17,13,9,11,10,8,26] ; V1: [0,12,14,16,15,25,21,26] ; V2: [0,5,2,1,7,3,4,26] | W107: 46118.995
A108: tam25_cap200_tabu0_inst0_cons10 | B108: instancias/c207,txt | C108: 0 | D108: 0 | E108: 10 | F108: 25 | G108: 27 | H108: 3 | I108: 200 | J108: 0 | K108: PD | L108: 60.7441 | M108: 3770.124 | N108: 264.7 | O108: 266.2 | P108: 0.5667 | Q108: 0 | R108: 10 | S108: 2367 | T108: False | U108: V0: [0,20,22,24,6,23,18,19,17,25,21,26] ; V1: [0,5,2,1,7,3,4,26] ; V2: [0,8,9,12,14,16,15,13,11,10,26] | V108: V0: [0,21,25,17,15,13,11,10,26] ; V1: [0,20,22,24,6,23,18,19,16,14,12,9,8,26] ; V2: [0,5,2,1,7,3,4,26] | W108: 46119.039
A109: tam25_cap200_tabu0_inst0_cons10 | B109: instancias/c207,txt | C109: 0 | D109: 0 | E109: 10 | F109: 25 | G109: 27 | H109: 3 | I109: 200 | J109: 0 | K109: PD | L109: 60.7441 | M109: 3673.9273 | N109: 264.7 | O109: 264.2 | P109: -0.1889 | Q109: 0 | R109: 13 | S109: 3195 | T109: True | U109: V0: [0,20,22,24,6,23,18,19,17,25,21,26] ; V1: [0,5,2,1,7,3,4,26] ; V2: [0,8,9,12,14,16,15,13,11,10,26] | V109: V0: [0,20,22,24,6,23,18,17,25,21,26] ; V1: [0,5,2,1,7,3,4,26] ; V2: [0,8,13,15,19,16,14,12,9,11,10,26] | W109: 46119.082

Sheet artigo
C3: ARTIGO BASE
B4: Problema | C4: Nodes | D4: Arcs | E4: LP | F4: IP | G4: Vehicles | H4: BB_Nodes | I4: Columns | J4: CPU
B5: R101 | C5: 25 | D5: 227 | E5: 617.1 | F5: 617.1 | G5: 8 | H5: 1 | I5: 78 | J5: 5.8
B6: R101 | C6: 50 | D6: 817 | E6: 1034.6 | F6: 1035.2 | G6: 12 | H6: 11 | I6: 1395 | J6: 66.7
B7: R101 | C7: 100 | D7: 3272 | E7: 1604.5 | F7: 1607.7 | G7: 18 | H7: 23 | I7: 8596 | J7: 1064.2
B8: R102 | C8: 25 | D8: 404 | E8: 546.4 | F8: 547.1 | G8: 7 | H8: 3 | I8: 165 | J8: 20.3
B9: R102 | C9: 50 | D9: 1437 | E9: 904.6 | F9: 904.6 | G9: 11 | H9: 1 | I9: 591 | J9: 67.8
B10: R102 | C10: 100 | D10: 5336 | E10: 1434 | F10: 1434 | G10: 17 | H10: 1 | I10: 2126 | J10: 756.9
B11: R103 | C11: 25 | D11: 510 | E11: 454.6 | F11: 454.6 | G11: 5 | H11: 1 | I11: 246 | J11: 22.2
B12: R103 | C12: 50 | D12: 1859 | E12: 765.4 | F12: 772.5 | G12: 9 | H12: 173 | I12: 37330 | J12: 8939.1
B13: R104 | C13: 25 | D13: 559 | E13: 416.9 | F13: 416.9 | G13: 4 | H13: 1 | I13: 419 | J13: 46
B14: R105 | C14: 25 | D14: 303 | E14: 526 | F14: 530.5 | G14: 6 | H14: 7 | I14: 554 | J14: 22.6
B15: R105 | C15: 50 | D15: 1076 | E15: 891.7 | F15: 899.3 | G15: 9 | H15: 33 | I15: 4458 | J15: 362.6
B16: R106 | C16: 25 | D16: 458 | E16: 457.3 | F16: 467.4 | G16: 5 | H16: 15 | I16: 2451 | J16: 205.2
... B56: RC108 | C56: 25 | D56: 617 | E56: 280.3 | F56: 294.5 | G56: 3 | H56: 11 | I56: 1126 | J56: 256

Sheet variacao_NOIMPROVE
B4: SEM MIP | C4: ninst | D4: tem_janelas | E4: heuristica_retirada | F4: tamanho_clientes | G4: nos_rede | H4: veiculos | I4: capacidade | J4: tabu | K4: tipo_geracao | L4: tempo_exato | M4: tempo_bp | N4: fo_exato | O4: fo_bp | P4: gap_pct | Q4: igual_exato | R4: nos_bp | T4: colunas_bp | V4: NO IMPROVE
B5: tam25_cap200_tabu0_inst0_cons10 | C5: instancias/c101N,txt | D5: 0 | E5: 0 | F5: 10 | G5: 25 | H5: 27 | I5: 3 | J5: 200 | K5: 0 | L5: PD | M5: 168.2456 | N5: 191.3 | O5: 191.3 | P5: 0 | Q5: 1 | R5: 1 | T5: 996 | U5: False | V5: 4 | W5: V0: [0,13,17,18,19,15,16,14,12,26] ; V1: [0,20,24,25,23,22,21,26] ; V2: [0,5,3,7,8,10,11,9,6,4,2,1,26] | X5: V0: [0,5,3,7,8,10,11,9,6,4,2,1,26] ; V1: [0,20,24,25,23,22,21,26] ; V2: [0,13,17,18,19,15,16,14,12,26] | Y5: 46119.183
B6: tam25_cap200_tabu0_inst0_cons10 | C6: instancias/c101N,txt | D6: 0 | E6: 0 | F6: 10 | G6: 25 | H6: 27 | I6: 3 | J6: 200 | K6: 0 | L6: PD | M6: 263.952 | N6: 191.3 | O6: 191.3 | P6: 0 | Q6: 1 | R6: 1 | T6: 1446 | U6: True | V6: 4 | W6: V0: [0,13,17,18,19,15,16,14,12,26] ; V1: [0,20,24,25,23,22,21,26] ; V2: [0,5,3,7,8,10,11,9,6,4,2,1,26] | X6: V0: [0,13,17,18,19,15,16,14,12,26] ; V1: [0,20,24,25,23,22,21,26] ; V2: [0,5,3,7,8,10,11,9,6,4,2,1,26] | Y6: 46119.186
B7: tam25_cap200_tabu0_inst0_cons10 | C7: instancias/c101N,txt | D7: 0 | E7: 0 | F7: 10 | G7: 25 | H7: 27 | I7: 3 | J7: 200 | K7: 0 | L7: PD | M7: 163.5549 | N7: 191.3 | O7: 191.3 | P7: 0 | Q7: 1 | R7: 1 | T7: 996 | U7: False | V7: 6 | W7: V0: [0,13,17,18,19,15,16,14,12,26] ; V1: [0,20,24,25,23,22,21,26] ; V2: [0,5,3,7,8,10,11,9,6,4,2,1,26] | X7: V0: [0,5,3,7,8,10,11,9,6,4,2,1,26] ; V1: [0,20,24,25,23,22,21,26] ; V2: [0,13,17,18,19,15,16,14,12,26] | Y7: 46119.188
B8: tam25_cap200_tabu0_inst0_cons10 | C8: instancias/c101N,txt | D8: 0 | E8: 0 | F8: 10 | G8: 25 | H8: 27 | I8: 3 | J8: 200 | K8: 0 | L8: PD | M8: 286.0176 | N8: 191.3 | O8: 191.3 | P8: 0 | Q8: 1 | R8: 1 | T8: 1446 | U8: True | V8: 6 | W8: V0: [0,13,17,18,19,15,16,14,12,26] ; V1: [0,20,24,25,23,22,21,26] ; V2: [0,5,3,7,8,10,11,9,6,4,2,1,26] | X8: V0: [0,13,17,18,19,15,16,14,12,26] ; V1: [0,20,24,25,23,22,21,26] ; V2: [0,5,3,7,8,10,11,9,6,4,2,1,26] | Y8: 46119.191
B9: tam25_cap200_tabu0_inst0_cons10 | C9: instancias/c102,txt | D9: 0 | E9: 0 | F9: 10 | G9: 25 | H9: 27 | I9: 3 | J9: 200 | K9: 0 | L9: PD | M9: 457.3505 | N9: 190.3 | O9: 190.3 | P9: 0 | Q9: 1 | R9: 1 | T9: 2001 | U9: False | V9: 2 | W9: V0: [0,13,17,18,19,15,16,14,12,26] ; V1: [0,20,24,25,23,22,21,26] ; V2: [0,7,8,10,11,9,6,4,2,1,3,5,26] | X9: V0: [0,13,17,18,19,15,16,14,12,26] ; V1: [0,20,24,25,23,22,21,26] ; V2: [0,7,8,10,11,9,6,4,2,1,3,5,26] | Y9: 46119.208
B10: tam25_cap200_tabu0_inst0_cons10 | C10: instancias/c102,txt | D10: 0 | E10: 0 | F10: 10 | G10: 25 | H10: 27 | I10: 3 | J10: 200 | K10: 0 | L10: PD | M10: 435.1895 | N10: 190.3 | O10: 190.3 | P10: 0 | Q10: 1 | R10: 1 | T10: 2574 | U10: True | V10: 2 | W10: V0: [0,13,17,18,19,15,16,14,12,26] ; V1: [0,20,24,25,23,22,21,26] ; V2: [0,7,8,10,11,9,6,4,2,1,3,5,26] | X10: V0: [0,13,17,18,19,15,16,14,12,26] ; V1: [0,20,24,25,23,22,21,26] ; V2: [0,7,8,10,11,9,6,4,2,1,3,5,26] | Y10: 46119.213
B11: tam25_cap200_tabu0_inst0_cons10 | C11: instancias/c102,txt | D11: 0 | E11: 0 | F11: 10 | G11: 25 | H11: 27 | I11: 3 | J11: 200 | K11: 0 | L11: PD | M11: 408.573 | N11: 190.3 | O11: 190.3 | P11: 0 | Q11: 1 | R11: 1 | T11: 2001 | U11: False | V11: 4 | W11: V0: [0,13,17,18,19,15,16,14,12,26] ; V1: [0,20,24,25,23,22,21,26] ; V2: [0,7,8,10,11,9,6,4,2,1,3,5,26] | X11: V0: [0,13,17,18,19,15,16,14,12,26] ; V1: [0,20,24,25,23,22,21,26] ; V2: [0,7,8,10,11,9,6,4,2,1,3,5,26] | Y11: 46119.218
B12: tam25_cap200_tabu0_inst0_cons10 | C12: instancias/c102,txt | D12: 0 | E12: 0 | F12: 10 | G12: 25 | H12: 27 | I12: 3 | J12: 200 | K12: 0 | L12: PD | M12: 434.9023 | N12: 190.3 | O12: 190.3 | P12: 0 | Q12: 1 | R12: 1 | T12: 2574 | U12: True | V12: 4 | W12: V0: [0,13,17,18,19,15,16,14,12,26] ; V1: [0,20,24,25,23,22,21,26] ; V2: [0,7,8,10,11,9,6,4,2,1,3,5,26] | X12: V0: [0,13,17,18,19,15,16,14,12,26] ; V1: [0,20,24,25,23,22,21,26] ; V2: [0,7,8,10,11,9,6,4,2,1,3,5,26] | Y12: 46119.223
B13: tam25_cap200_tabu0_inst0_cons10 | C13: instancias/c102,txt | D13: 0 | E13: 0 | F13: 10 | G13: 25 | H13: 27 | I13: 3 | J13: 200 | K13: 0 | L13: PD | M13: 407.7031 | N13: 190.3 | O13: 190.3 | P13: 0 | Q13: 1 | R13: 1 | T13: 2001 | U13: False | V13: 6 | W13: V0: [0,13,17,18,19,15,16,14,12,26] ; V1: [0,20,24,25,23,22,21,26] ; V2: [0,7,8,10,11,9,6,4,2,1,3,5,26] | X13: V0: [0,13,17,18,19,15,16,14,12,26] ; V1: [0,20,24,25,23,22,21,26] ; V2: [0,7,8,10,11,9,6,4,2,1,3,5,26] | Y13: 46119.227
B14: tam25_cap200_tabu0_inst0_cons10 | C14: instancias/c102,txt | D14: 0 | E14: 0 | F14: 10 | G14: 25 | H14: 27 | I14: 3 | J14: 200 | K14: 0 | L14: PD | M14: 433.9203 | N14: 190.3 | O14: 190.3 | P14: 0 | Q14: 1 | R14: 1 | T14: 2574 | U14: True | V14: 6 | W14: V0: [0,13,17,18,19,15,16,14,12,26] ; V1: [0,20,24,25,23,22,21,26] ; V2: [0,7,8,10,11,9,6,4,2,1,3,5,26] | X14: V0: [0,13,17,18,19,15,16,14,12,26] ; V1: [0,20,24,25,23,22,21,26] ; V2: [0,7,8,10,11,9,6,4,2,1,3,5,26] | Y14: 46119.232
B15: tam25_cap200_tabu0_inst0_cons10 | C15: instancias/c102,txt | D15: 0 | E15: 0 | F15: 10 | G15: 25 | H15: 27 | I15: 3 | J15: 200 | K15: 0 | L15: PD | M15: 407.0304 | N15: 190.3 | O15: 190.3 | P15: 0 | Q15: 1 | R15: 1 | T15: 2001 | U15: False | V15: 8 | W15: V0: [0,13,17,18,19,15,16,14,12,26] ; V1: [0,20,24,25,23,22,21,26] ; V2: [0,7,8,10,11,9,6,4,2,1,3,5,26] | X15: V0: [0,13,17,18,19,15,16,14,12,26] ; V1: [0,20,24,25,23,22,21,26] ; V2: [0,7,8,10,11,9,6,4,2,1,3,5,26] | Y15: 46119.237
B16: tam25_cap200_tabu0_inst0_cons10 | C16: instancias/c102,txt | D16: 0 | E16: 0 | F16: 10 | G16: 25 | H16: 27 | I16: 3 | J16: 200 | K16: 0 | L16: PD | M16: 434.1616 | N16: 190.3 | O16: 190.3 | P16: 0 | Q16: 1 | R16: 1 | T16: 2574 | U16: True | V16: 8 | W16: V0: [0,13,17,18,19,15,16,14,12,26] ; V1: [0,20,24,25,23,22,21,26] ; V2: [0,7,8,10,11,9,6,4,2,1,3,5,26] | X16: V0: [0,13,17,18,19,15,16,14,12,26] ; V1: [0,20,24,25,23,22,21,26] ; V2: [0,7,8,10,11,9,6,4,2,1,3,5,26] | Y16: 46119.242
... B48: tam25_cap200_tabu0_inst0_cons10 | C48: instancias/c107,txt | D48: 0 | E48: 0 | F48: 10 | G48: 25 | H48: 27 | I48: 3 | J48: 200 | K48: 0 | L48: PD | M48: 187.349 | N48: 191.3 | O48: 191.3 | P48: 0 | Q48: 1 | R48: 1 | T48: 1644 | U48: False | V48: 2 | W48: V0: [0,20,24,25,23,22,21,26] ; V1: [0,5,3,7,8,10,11,9,6,4,2,1,26] ; V2: [0,13,17,18,19,15,16,14,12,26] | X48: V0: [0,5,3,7,8,10,11,9,6,4,2,1,26] ; V1: [0,20,24,25,23,22,21,26] ; V2: [0,13,17,18,19,15,16,14,12,26] | Y48: 46119.462

Sheet resultados_finais - Copia (4)
A1: run_id | B1: arquivo_instancia | C1: ninst | D1: tem_janelas | E1: heuristica_retirada | F1: tamanho_clientes | G1: nos_rede | H1: veiculos | I1: capacidade | J1: tabu | K1: tipo_geracao | L1: tempo_exato | M1: tempo_bp | N1: fo_exato | O1: fo_bp | P1: gap_pct | Q1: igual_exato | R1: nos_bp | S1: colunas_bp | T1: seq_exato | U1: seq_bp | V1: timestamp
A2: tam25_cap200_tabu0_inst0_cons0 | B2: instancias/r101,txt | C2: 0 | D2: 0 | E2: 0 | F2: 25 | G2: 27 | H2: 8 | I2: 200 | J2: 0 | K2: PD | L2: 0.7642 | M2: 67.9489 | N2: 618.3299 | O2: 618.3299 | P2: 0 | Q2: 1 | R2: 1 | S2: 872 | T2: V0: [0,12,9,20,1,26] ; V1: [0,11,19,10,26] ; V2: [0,18,26] ; V3: [0,23,22,4,26] ; V4: [0,7,8,17,26] ; V5: [0,5,16,6,26] ; V6: [0,2,21,3,24,25,26] ; V7: [0,14,15,13,26] | U2: V0: [0,23,22,4,25,26] ; V1: [0,5,16,6,26] ; V2: [0,12,9,20,1,26] ; V3: [0,2,21,3,24,26] ; V4: [0,11,19,10,26] ; V5: [0,7,8,17,26] ; V6: [0,18,26] ; V7: [0,14,15,13,26] | V2: 46108.866 | X2: Analise | Y2: GAP
A3: tam25_cap200_tabu0_inst0_cons1 | B3: instancias/r101,txt | C3: 0 | D3: 0 | E3: 1 | F3: 25 | G3: 27 | H3: 8 | I3: 200 | J3: 0 | K3: PD | L3: 0.7642 | M3: 20.2125 | N3: 618.3299 | O3: 618.3299 | P3: 0 | Q3: 1 | R3: 1 | S3: 992 | T3: V0: [0,12,9,20,1,26] ; V1: [0,11,19,10,26] ; V2: [0,18,26] ; V3: [0,23,22,4,26] ; V4: [0,7,8,17,26] ; V5: [0,5,16,6,26] ; V6: [0,2,21,3,24,25,26] ; V7: [0,14,15,13,26] | U3: V0: [0,2,21,3,24,25,26] ; V1: [0,12,9,20,1,26] ; V2: [0,11,19,10,26] ; V3: [0,23,22,4,26] ; V4: [0,18,26] ; V5: [0,5,16,6,26] ; V6: [0,14,15,13,26] ; V7: [0,7,8,17,26] | V3: 46108.866 | X3: heuristica | Y3: MÁXIMO | Z3: inst | AA3: MÍNIMO | AB3: inst | AC3: MÉDIA
A4: tam25_cap200_tabu0_inst0_cons2 | B4: instancias/r101,txt | C4: 0 | D4: 0 | E4: 2 | F4: 25 | G4: 27 | H4: 8 | I4: 200 | J4: 0 | K4: PD | L4: 0.7642 | M4: 23.3106 | N4: 618.3299 | O4: 618.3299 | P4: 0 | Q4: 1 | R4: 1 | S4: 1208 | T4: V0: [0,12,9,20,1,26] ; V1: [0,11,19,10,26] ; V2: [0,18,26] ; V3: [0,23,22,4,26] ; V4: [0,7,8,17,26] ; V5: [0,5,16,6,26] ; V6: [0,2,21,3,24,25,26] ; V7: [0,14,15,13,26] | U4: V0: [0,12,9,20,1,26] ; V1: [0,23,22,4,26] ; V2: [0,11,19,10,26] ; V3: [0,7,8,17,26] ; V4: [0,14,15,13,26] ; V5: [0,18,26] ; V6: [0,5,16,6,26] ; V7: [0,2,21,3,24,25,26] | V4: 46108.866 | X4: 0 | Y4: 9.7493 | Z4: instancias/c202,txt | AA4: 0 | AB4: instancias/r101,txt | AC4: 2.68375
A5: tam25_cap200_tabu0_inst0_cons3 | B5: instancias/r101,txt | C5: 0 | D5: 0 | E5: 3 | F5: 25 | G5: 27 | H5: 8 | I5: 200 | J5: 0 | K5: PD | L5: 0.7642 | M5: 2.2683 | N5: 618.3299 | O5: 630.3804 | P5: 1.9489 | Q5: 0 | R5: 1 | S5: 952 | T5: V0: [0,12,9,20,1,26] ; V1: [0,11,19,10,26] ; V2: [0,18,26] ; V3: [0,23,22,4,26] ; V4: [0,7,8,17,26] ; V5: [0,5,16,6,26] ; V6: [0,2,21,3,24,25,26] ; V7: [0,14,15,13,26] | U5: V0: [0,12,9,20,26] ; V1: [0,7,8,26] ; V2: [0,18,26] ; V3: [0,14,15,6,13,26] ; V4: [0,5,16,17,26] ; V5: [0,23,22,4,26] ; V6: [0,11,19,10,1,26] ; V7: [0,2,21,3,24,25,26] | V5: 46108.866 | W5: inserção com melhoria | X5: 1 | Y5: 17.725 | Z5: instancias/c202,txt | AA5: 0 | AB5: instancias/r101,txt | AC5: 2.88909
A6: tam25_cap200_tabu0_inst0_cons22 | B6: instancias/r101,txt | C6: 0 | D6: 0 | E6: 22 | F6: 25 | G6: 27 | H6: 8 | I6: 200 | J6: 0 | K6: PD | L6: 0.7642 | M6: 99.9047 | N6: 618.3299 | O6: 618.3299 | P6: 0 | Q6: 1 | R6: 1 | S6: 480 | T6: V0: [0,12,9,20,1,26] ; V1: [0,11,19,10,26] ; V2: [0,18,26] ; V3: [0,23,22,4,26] ; V4: [0,7,8,17,26] ; V5: [0,5,16,6,26] ; V6: [0,2,21,3,24,25,26] ; V7: [0,14,15,13,26] | U6: V0: [0,5,16,6,26] ; V1: [0,14,15,13,26] ; V2: [0,12,9,20,1,26] ; V3: [0,7,8,17,26] ; V4: [0,18,26] ; V5: [0,11,19,10,26] ; V6: [0,2,21,3,24,26] ; V7: [0,23,22,4,25,26] | V6: 46108.867 | W6: vns_ com acrescimo | X6: 2 | Y6: 4.95 | Z6: instancias/c202,txt | AA6: 0 | AB6: instancias/r101,txt | AC6: 0.86775
A7: tam25_cap200_tabu0_inst0_cons0 | B7: instancias/r102,txt | C7: 0 | D7: 0 | E7: 0 | F7: 25 | G7: 27 | H7: 7 | I7: 200 | J7: 0 | K7: PD | L7: 1201.1008 | M7: 2666.8414 | N7: 548.1078 | O7: 548.1078 | P7: 0 | Q7: 1 | R7: 713 | S7: 2793 | T7: V0: [0,14,16,6,13,26] ; V1: [0,3,9,20,1,26] ; V2: [0,7,11,19,10,26] ; V3: [0,2,15,22,4,25,26] ; V4: [0,18,26] ; V5: [0,8,17,5,26] ; V6: [0,21,23,24,12,26] | U7: V0: [0,14,16,6,13,26] ; V1: [0,7,11,19,10,26] ; V2: [0,21,23,24,12,26] ; V3: [0,2,15,22,4,25,26] ; V4: [0,8,17,5,26] ; V5: [0,3,9,20,1,26] ; V6: [0,18,26] | V7: 46108.912 | W7: sem pd | X7: 3 | Y7: 8.4445 | Z7: instancias/c201,txt | AA7: 0 | AB7: instancias/r101,txt | AC7: 3.6711182
A8: tam25_cap200_tabu0_inst0_cons1 | B8: instancias/r102,txt | C8: 0 | D8: 0 | E8: 1 | F8: 25 | G8: 27 | H8: 7 | I8: 200 | J8: 0 | K8: PD | L8: 1201.1008 | M8: 2980.3445 | N8: 548.1078 | O8: 548.1078 | P8: 0 | Q8: 1 | R8: 2017 | S8: 2289 | T8: V0: [0,14,16,6,13,26] ; V1: [0,3,9,20,1,26] ; V2: [0,7,11,19,10,26] ; V3: [0,2,15,22,4,25,26] ; V4: [0,18,26] ; V5: [0,8,17,5,26] ; V6: [0,21,23,24,12,26] | U8: V0: [0,21,23,24,12,26] ; V1: [0,2,15,22,4,25,26] ; V2: [0,3,9,20,1,26] ; V3: [0,8,17,5,26] ; V4: [0,18,26] ; V5: [0,7,11,19,10,26] ; V6: [0,14,16,6,13,26] | V8: 46108.947 | W8: apenas pd | X8: 22 | Y8: 25.9309 | Z8: instancias/r102,txt | AA8: 0 | AB8: instancias/r101,txt | AC8: 5.2196
A9: tam25_cap200_tabu0_inst0_cons2 | B9: instancias/r102,txt | C9: 0 | D9: 0 | E9: 2 | F9: 25 | G9: 27 | H9: 7 | I9: 200 | J9: 0 | K9: PD | L9: 1201.1008 | M9: 2381.7852 | N9: 548.1078 | O9: 548.1078 | P9: 0 | Q9: 1 | R9: 1435 | S9: 2268 | T9: V0: [0,14,16,6,13,26] ; V1: [0,3,9,20,1,26] ; V2: [0,7,11,19,10,26] ; V3: [0,2,15,22,4,25,26] ; V4: [0,18,26] ; V5: [0,8,17,5,26] ; V6: [0,21,23,24,12,26] | U9: V0: [0,8,17,5,26] ; V1: [0,3,9,20,1,26] ; V2: [0,21,23,24,12,26] ; V3: [0,18,26] ; V4: [0,7,11,19,10,26] ; V5: [0,14,16,6,13,26] ; V6: [0,2,15,22,4,25,26] | V9: 46108.974 | W9: todas | X9: 10 | Y9: 3.3816 | Z9: instancias/c109,txt | AA9: 0 | AB9: instancias/r101,txt | AC9: 0.2570625
A10: tam25_cap200_tabu0_inst0_cons3 | B10: instancias/r102,txt | C10: 0 | D10: 0 | E10: 3 | F10: 25 | G10: 27 | H10: 7 | I10: 200 | J10: 0 | K10: PD | L10: 1201.1008 | M10: 106.3065 | N10: 548.1078 | O10: 551.622 | P10: 0.6411 | Q10: 0 | R10: 211 | S10: 2485 | T10: V0: [0,14,16,6,13,26] ; V1: [0,3,9,20,1,26] ; V2: [0,7,11,19,10,26] ; V3: [0,2,15,22,4,25,26] ; V4: [0,18,26] ; V5: [0,8,17,5,26] ; V6: [0,21,23,24,12,26] | U10: V0: [0,2,15,22,4,25,12,26] ; V1: [0,3,9,20,1,26] ; V2: [0,18,6,13,26] ; V3: [0,8,26] ; V4: [0,7,11,19,10,26] ; V5: [0,14,16,17,5,26] ; V6: [0,21,23,24,26] | V10: 46108.976 | AA10: 0
A11: tam25_cap200_tabu0_inst0_cons22 | B11: instancias/r102,txt | C11: 0 | D11: 0 | E11: 22 | F11: 25 | G11: 27 | H11: 7 | I11: 200 | J11: 0 | K11: PD | L11: 1201.1008 | M11: 3600.2436 | N11: 548.1078 | O11: 690.2369 | P11: 25.9309 | Q11: 0 | R11: 1878 | S11: 714 | T11: V0: [0,14,16,6,13,26] ; V1: [0,3,9,20,1,26] ; V2: [0,7,11,19,10,26] ; V3: [0,2,15,22,4,25,26] ; V4: [0,18,26] ; V5: [0,8,17,5,26] ; V6: [0,21,23,24,12,26] | U11: V0: [0,21,23,24,12,26] ; V1: [0,2,15,22,4,25,26] ; V2: [0,18,6,13,26] ; V3: [0,8,10,26] ; V4: [0,16,17,26] ; V5: [0,5,11,19,3,26] ; V6: [0,14,9,20,1,7,26] | V11: 46109.017
A12: tam25_cap200_tabu0_inst0_cons0 | B12: instancias/r103,txt | C12: 0 | D12: 0 | E12: 0 | F12: 25 | G12: 27 | H12: 5 | I12: 200 | J12: 0 | K12: PD | L12: 1201.3643 | M12: 142.071 | N12: 468.2479 | O12: 455.6982 | P12: -2.6801 | Q12: 0 | R12: 1 | S12: 1375 | T12: V0: [0,7,19,11,10,26] ; V1: [0,2,21,23,22,4,25,26] ; V2: [0,14,15,6,13,26] ; V3: [0,1,20,9,3,24,12,26] ; V4: [0,18,8,17,16,5,26] | U12: V0: [0,7,19,11,8,18,26] ; V1: [0,12,24,3,9,10,20,1,26] ; V2: [0,2,15,14,16,17,5,26] ; V3: [0,6,13,26] ; V4: [0,21,23,22,4,25,26] | V12: 46109.033 | X12: Analise | Y12: TIME
A13: tam25_cap200_tabu0_inst0_cons1 | B13: instancias/r103,txt | C13: 0 | D13: 0 | E13: 1 | F13: 25 | G13: 27 | H13: 5 | I13: 200 | J13: 0 | K13: PD | L13: 1201.3643 | M13: 109.9558 | N13: 468.2479 | O13: 455.6982 | P13: -2.6801 | Q13: 0 | R13: 1 | S13: 1450 | T13: V0: [0,7,19,11,10,26] ; V1: [0,2,21,23,22,4,25,26] ; V2: [0,14,15,6,13,26] ; V3: [0,1,20,9,3,24,12,26] ; V4: [0,18,8,17,16,5,26] | U13: V0: [0,2,15,14,16,17,5,26] ; V1: [0,7,19,11,8,18,26] ; V2: [0,21,23,22,4,25,26] ; V3: [0,6,13,26] ; V4: [0,12,24,3,9,10,20,1,26] | V13: 46109.034 | X13: heuristica | Y13: MÁXIMO | Z13: inst | AA13: MÍNIMO | AB13: inst | AC13: MÉDIA
A14: tam25_cap200_tabu0_inst0_cons2 | B14: instancias/r103,txt | C14: 0 | D14: 0 | E14: 2 | F14: 25 | G14: 27 | H14: 5 | I14: 200 | J14: 0 | K14: PD | L14: 1201.3643 | M14: 111.5374 | N14: 468.2479 | O14: 455.6982 | P14: -2.6801 | Q14: 0 | R14: 1 | S14: 1380 | T14: V0: [0,7,19,11,10,26] ; V1: [0,2,21,23,22,4,25,26] ; V2: [0,14,15,6,13,26] ; V3: [0,1,20,9,3,24,12,26] ; V4: [0,18,8,17,16,5,26] | U14: V0: [0,12,24,3,9,10,20,1,26] ; V1: [0,21,23,22,4,25,26] ; V2: [0,2,15,14,16,17,5,26] ; V3: [0,6,13,26] ; V4: [0,7,19,11,8,18,26] | V14: 46109.035 | X14: 0 | Y14: 3999.3001 | Z14: instancias/c202,txt | AA14: 67.9489 | AC14: 1577.3656
A15: tam25_cap200_tabu0_inst0_cons3 | B15: instancias/r103,txt | C15: 0 | D15: 0 | E15: 3 | F15: 25 | G15: 27 | H15: 5 | I15: 200 | J15: 0 | K15: PD | L15: 1201.3643 | M15: 164.3832 | N15: 468.2479 | O15: 468.1968 | P15: -0.0109 | Q15: 0 | R15: 379 | S15: 2445 | T15: V0: [0,7,19,11,10,26] ; V1: [0,2,21,23,22,4,25,26] ; V2: [0,14,15,6,13,26] ; V3: [0,1,20,9,3,24,12,26] ; V4: [0,18,8,17,16,5,26] | U15: V0: [0,24,3,9,10,20,1,26] ; V1: [0,6,13,26] ; V2: [0,15,14,16,17,5,26] ; V3: [0,7,19,11,8,18,26] ; V4: [0,2,21,23,22,4,25,12,26] | V15: 46109.037 | X15: 1 | Y15: 3786.1477 | Z15: instancias/c203,txt | AA15: 20.2125 | AC15: 1251.4237
A16: tam25_cap200_tabu0_inst0_cons22 | B16: instancias/r103,txt | C16: 0 | D16: 0 | E16: 22 | F16: 25 | G16: 27 | H16: 5 | I16: 200 | J16: 0 | K16: PD | L16: 1201.3643 | M16: 447.5025 | N16: 468.2479 | O16: 455.6982 | P16: -2.6801 | Q16: 0 | R16: 1 | S16: 645 | T16: V0: [0,7,19,11,10,26] ; V1: [0,2,21,23,22,4,25,26] ; V2: [0,14,15,6,13,26] ; V3: [0,1,20,9,3,24,12,26] ; V4: [0,18,8,17,16,5,26] | U16: V0: [0,21,23,22,4,25,26] ; V1: [0,2,15,14,16,17,5,26] ; V2: [0,6,13,26] ; V3: [0,7,19,11,8,18,26] ; V4: [0,12,24,3,9,10,20,1,26] | V16: 46109.042 | X16: 2 | Y16: 4212.7162 | Z16: instancias/c203,txt | AA16: 23.3106 | AC16: 1214.4434
A17: tam25_cap200_tabu0_inst0_cons0 | B17: instancias/r104,txt | C17: 0 | D17: 0 | E17: 0 | F17: 25 | G17: 27 | H17: 4 | I17: 200 | J17: 0 | K17: PD | L17: 1201.5134 | M17: 119.9116 | N17: 453.6869 | O17: 417.9612 | P17: -7.8745 | Q17: 0 | R17: 1 | S17: 1040 | T17: V0: [0,15,16,14,13,26] ; V1: [0,21,22,23,4,2,6,26] ; V2: [0,7,19,11,8,17,5,18,26] ; V3: [0,1,10,20,9,3,24,25,12,26] | U17: V0: [0,7,19,11,8,18,6,13,26] ; V1: [0,1,10,20,9,3,24,12,26] ; V2: [0,2,15,14,16,17,5,26] ; V3: [0,21,22,23,4,25,26] | V17: 46109.058 | X17: 3 | Y17: 3633.8025 | Z17: instancias/c202,txt | AA17: 2.2683 | AC17: 814.73283
A18: tam25_cap200_tabu0_inst0_cons1 | B18: instancias/r104,txt | C18: 0 | D18: 0 | E18: 1 | F18: 25 | G18: 27 | H18: 4 | I18: 200 | J18: 0 | K18: PD | L18: 1201.5134 | M18: 150.0521 | N18: 453.6869 | O18: 417.9612 | P18: -7.8745 | Q18: 0 | R18: 15 | S18: 1752 | T18: V0: [0,15,16,14,13,26] ; V1: [0,21,22,23,4,2,6,26] ; V2: [0,7,19,11,8,17,5,18,26] ; V3: [0,1,10,20,9,3,24,25,12,26] | U18: V0: [0,21,22,23,4,25,26] ; V1: [0,2,15,14,16,17,5,26] ; V2: [0,7,19,11,8,18,6,13,26] ; V3: [0,1,10,20,9,3,24,12,26] | V18: 46109.06 | X18: 22 | Y18: 4554.6505 | Z18: instancias/c203,txt | AA18: 99.9047 | AC18: 2195.5316
A19: tam25_cap200_tabu0_inst0_cons2 | B19: instancias/r104,txt | C19: 0 | D19: 0 | E19: 2 | F19: 25 | G19: 27 | H19: 4 | I19: 200 | J19: 0 | K19: PD | L19: 1201.5134 | M19: 86.7017 | N19: 453.6869 | O19: 417.9612 | P19: -7.8745 | Q19: 0 | R19: 1 | S19: 1384 | T19: V0: [0,15,16,14,13,26] ; V1: [0,21,22,23,4,2,6,26] ; V2: [0,7,19,11,8,17,5,18,26] ; V3: [0,1,10,20,9,3,24,25,12,26] | U19: V0: [0,2,15,14,16,17,5,26] ; V1: [0,21,22,23,4,25,26] ; V2: [0,1,10,20,9,3,24,12,26] ; V3: [0,7,19,11,8,18,6,13,26] | V19: 46109.06 | X19: 10 | Y19: 3346.43 | Z19: instancias/r112,txt | AA19: 25.3171 | AC19: 545.35546
A20: tam25_cap200_tabu0_inst0_cons3 | B20: instancias/r104,txt | C20: 0 | D20: 0 | E20: 3 | F20: 25 | G20: 27 | H20: 4 | I20: 200 | J20: 0 | K20: PD | L20: 1201.5134 | M20: 18.8865 | N20: 453.6869 | O20: 427.2213 | P20: -5.8334 | Q20: 0 | R20: 1 | S20: 1744 | T20: V0: [0,15,16,14,13,26] ; V1: [0,21,22,23,4,2,6,26] ; V2: [0,7,19,11,8,17,5,18,26] ; V3: [0,1,10,20,9,3,24,25,12,26] | U20: V0: [0,1,10,20,9,3,24,25,12,26] ; V1: [0,7,19,11,8,17,16,5,18,26] ; V2: [0,21,22,23,4,26] ; V3: [0,6,14,15,2,13,26] | V20: 46109.06
A21: tam25_cap200_tabu0_inst0_cons22 | B21: instancias/r104,txt | C21: 0 | D21: 0 | E21: 22 | F21: 25 | G21: 27 | H21: 4 | I21: 200 | J21: 0 | K21: PD | L21: 1201.5134 | M21: 392.8058 | N21: 453.6869 | O21: 420.6334 | P21: -7.2855 | Q21: 0 | R21: 1 | S21: 500 | T21: V0: [0,15,16,14,13,26] ; V1: [0,21,22,23,4,2,6,26] ; V2: [0,7,19,11,8,17,5,18,26] ; V3: [0,1,10,20,9,3,24,25,12,26] | U21: V0: [0,7,19,11,8,18,6,13,26] ; V1: [0,2,15,14,16,17,5,26] ; V2: [0,21,22,23,4,25,12,26] ; V3: [0,24,3,9,20,10,1,26] | V21: 46109.065
A22: tam25_cap200_tabu0_inst0_cons0 | B22: instancias/r105,txt | C22: 0 | D22: 0 | E22: 0 | F22: 25 | G22: 27 | H22: 6 | I22: 200 | J22: 0 | K22: PD | L22: 17.8249 | M22: 90.9081 | N22: 531.5386 | O22: 531.5386 | P22: 0 | Q22: 1 | R22: 1 | S22: 828 | T22: V0: [0,5,14,16,6,26] ; V1: [0,12,9,3,24,25,26] ; V2: [0,2,15,13,26] ; V3: [0,21,23,22,4,26] ; V4: [0,7,18,8,17,26] ; V5: [0,19,11,10,20,1,26] | U22: V0: [0,5,14,16,6,26] ; V1: [0,19,11,10,20,1,26] ; V2: [0,7,18,8,17,26] ; V3: [0,12,9,3,24,26] ; V4: [0,2,15,13,26] ; V5: [0,21,23,22,4,25,26] | V22: 46109.067
A23: tam25_cap200_tabu0_inst0_cons1 | B23: instancias/r105,txt | C23: 0 | D23: 0 | E23: 1 | F23: 25 | G23: 27 | H23: 6 | I23: 200 | J23: 0 | K23: PD | L23: 17.8249 | M23: 56.1524 | N23: 531.5386 | O23: 531.5386 | P23: 0 | Q23: 1 | R23: 1 | S23: 1134 | T23: V0: [0,5,14,16,6,26] ; V1: [0,12,9,3,24,25,26] ; V2: [0,2,15,13,26] ; V3: [0,21,23,22,4,26] ; V4: [0,7,18,8,17,26] ; V5: [0,19,11,10,20,1,26] | U23: V0: [0,19,11,10,20,1,26] ; V1: [0,12,9,3,24,25,26] ; V2: [0,5,14,16,6,26] ; V3: [0,7,18,8,17,26] ; V4: [0,2,15,13,26] ; V5: [0,21,23,22,4,26] | V23: 46109.067
A24: tam25_cap200_tabu0_inst0_cons2 | B24: instancias/r105,txt | C24: 0 | D24: 0 | E24: 2 | F24: 25 | G24: 27 | H24: 6 | I24: 200 | J24: 0 | K24: PD | L24: 17.8249 | M24: 57.6008 | N24: 531.5386 | O24: 531.5386 | P24: 0 | Q24: 1 | R24: 1 | S24: 1242 | T24: V0: [0,5,14,16,6,26] ; V1: [0,12,9,3,24,25,26] ; V2: [0,2,15,13,26] ; V3: [0,21,23,22,4,26] ; V4: [0,7,18,8,17,26] ; V5: [0,19,11,10,20,1,26] | U24: V0: [0,21,23,22,4,25,26] ; V1: [0,19,11,10,20,1,26] ; V2: [0,7,18,8,17,26] ; V3: [0,5,14,16,6,26] ; V4: [0,12,9,3,24,26] ; V5: [0,2,15,13,26] | V24: 46109.068
A25: tam25_cap200_tabu0_inst0_cons3 | B25: instancias/r105,txt | C25: 0 | D25: 0 | E25: 3 | F25: 25 | G25: 27 | H25: 6 | I25: 200 | J25: 0 | K25: PD | L25: 17.8249 | M25: 22.6073 | N25: 531.5386 | O25: 537.5166 | P25: 1.1247 | Q25: 0 | R25: 65 | S25: 1452 | T25: V0: [0,5,14,16,6,26] ; V1: [0,12,9,3,24,25,26] ; V2: [0,2,15,13,26] ; V3: [0,21,23,22,4,26] ; V4: [0,7,18,8,17,26] ; V5: [0,19,11,10,20,1,26] | U25: V0: [0,18,6,26] ; V1: [0,21,23,22,4,26] ; V2: [0,12,9,3,24,25,26] ; V3: [0,5,14,16,8,17,26] ; V4: [0,11,19,7,10,20,1,26] ; V5: [0,2,15,13,26] | V25: 46109.068
A26: tam25_cap200_tabu0_inst0_cons22 | B26: instancias/r105,txt | C26: 0 | D26: 0 | E26: 22 | F26: 25 | G26: 27 | H26: 6 | I26: 200 | J26: 0 | K26: PD | L26: 17.8249 | M26: 210.8627 | N26: 531.5386 | O26: 531.5386 | P26: 0 | Q26: 1 | R26: 1 | S26: 492 | T26: V0: [0,5,14,16,6,26] ; V1: [0,12,9,3,24,25,26] ; V2: [0,2,15,13,26] ; V3: [0,21,23,22,4,26] ; V4: [0,7,18,8,17,26] ; V5: [0,19,11,10,20,1,26] | U26: V0: [0,2,15,13,26] ; V1: [0,21,23,22,4,26] ; V2: [0,12,9,3,24,25,26] ; V3: [0,19,11,10,20,1,26] ; V4: [0,7,18,8,17,26] ; V5: [0,5,14,16,6,26] | V26: 46109.07
A27: tam25_cap200_tabu0_inst0_cons0 | B27: instancias/r106,txt | C27: 0 | D27: 0 | E27: 0 | F27: 25 | G27: 27 | H27: 5 | I27: 200 | J27: 0 | K27: PD | L27: 1092.5516 | M27: 1481.3308 | N27: 466.4802 | O27: 470.5235 | P27: 0.8668 | Q27: 0 | R27: 307 | S27: 2765 | T27: V0: [0,2,15,23,22,4,25,21,26] ; V1: [0,14,16,6,13,26] ; V2: [0,7,19,11,10,26] ; V3: [0,18,8,17,5,26] ; V4: [0,1,9,20,3,24,12,26] | U27: V0: [0,1,9,20,3,24,26] ; V1: [0,14,16,6,13,26] ; V2: [0,18,8,17,5,26] ; V3: [0,2,15,23,22,21,4,25,12,26] ; V4: [0,7,19,11,10,26] | V27: 46109.1
A28: tam25_cap200_tabu0_inst0_cons1 | B28: instancias/r106,txt | C28: 0 | D28: 0 | E28: 1 | F28: 25 | G28: 27 | H28: 5 | I28: 200 | J28: 0 | K28: PD | L28: 1092.5516 | M28: 809.2501 | N28: 466.4802 | O28: 466.4802 | P28: 0 | Q28: 1 | R28: 137 | S28: 2280 | T28: V0: [0,2,15,23,22,4,25,21,26] ; V1: [0,14,16,6,13,26] ; V2: [0,7,19,11,10,26] ; V3: [0,18,8,17,5,26] ; V4: [0,1,9,20,3,24,12,26] | U28: V0: [0,7,19,11,10,26] ; V1: [0,2,15,23,22,4,25,21,26] ; V2: [0,18,8,17,5,26] ; V3: [0,14,16,6,13,26] ; V4: [0,1,9,20,3,24,12,26] | V28: 46109.11
A29: tam25_cap200_tabu0_inst0_cons2 | B29: instancias/r106,txt | C29: 0 | D29: 0 | E29: 2 | F29: 25 | G29: 27 | H29: 5 | I29: 200 | J29: 0 | K29: PD | L29: 1092.5516 | M29: 875.5637 | N29: 466.4802 | O29: 466.4802 | P29: 0 | Q29: 1 | R29: 153 | S29: 2390 | T29: V0: [0,2,15,23,22,4,25,21,26] ; V1: [0,14,16,6,13,26] ; V2: [0,7,19,11,10,26] ; V3: [0,18,8,17,5,26] ; V4: [0,1,9,20,3,24,12,26] | U29: V0: [0,7,19,11,10,26] ; V1: [0,2,15,23,22,4,25,21,26] ; V2: [0,14,16,6,13,26] ; V3: [0,1,9,20,3,24,12,26] ; V4: [0,18,8,17,5,26] | V29: 46109.119
A30: tam25_cap200_tabu0_inst0_cons3 | B30: instancias/r106,txt | C30: 0 | D30: 0 | E30: 3 | F30: 25 | G30: 27 | H30: 5 | I30: 200 | J30: 0 | K30: PD | L30: 1092.5516 | M30: 2234.3161 | N30: 466.4802 | O30: 501.4534 | P30: 7.4973 | Q30: 0 | R30: 16147 | S30: 6465 | T30: V0: [0,2,15,23,22,4,25,21,26] ; V1: [0,14,16,6,13,26] ; V2: [0,7,19,11,10,26] ; V3: [0,18,8,17,5,26] ; V4: [0,1,9,20,3,24,12,26] | U30: V0: [0,19,11,10,20,26] ; V1: [0,2,14,16,5,6,13,26] ; V2: [0,7,18,8,17,26] ; V3: [0,21,15,23,22,4,25,12,26] ; V4: [0,1,9,3,24,26] | V30: 46109.146
A31: tam25_cap200_tabu0_inst0_cons22 | B31: instancias/r106,txt | C31: 0 | D31: 0 | E31: 22 | F31: 25 | G31: 27 | H31: 5 | I31: 200 | J31: 0 | K31: PD | L31: 1092.5516 | M31: 3602.4569 | N31: 466.4802 | O31: -1 | R31: 0 | S31: 0 | T31: V0: [0,2,15,23,22,4,25,21,26] ; V1: [0,14,16,6,13,26] ; V2: [0,7,19,11,10,26] ; V3: [0,18,8,17,5,26] ; V4: [0,1,9,20,3,24,12,26] | U31: SEM_SEQUENCIA_BP | V31: 46109.188
A32: tam25_cap200_tabu0_inst0_cons0 | B32: instancias/r107,txt | C32: 0 | D32: 0 | E32: 0 | F32: 25 | G32: 27 | H32: 4 | I32: 200 | J32: 0 | K32: PD | L32: 1201.3898 | M32: 169.633 | N32: 429.2004 | O32: 425.2685 | P32: -0.9161 | Q32: 0 | R32: 1 | S32: 1156 | T32: V0: [0,6,16,14,13,26] ; V1: [0,18,7,11,19,8,17,5,26] ; V2: [0,2,15,23,22,4,25,21,26] ; V3: [0,12,24,3,9,20,10,1,26] | U32: V0: [0,18,7,11,19,8,17,16,5,26] ; V1: [0,21,23,22,4,25,24,26] ; V2: [0,12,3,9,20,10,1,26] ; V3: [0,2,15,14,6,13,26] | V32: 46109.203
A33: tam25_cap200_tabu0_inst0_cons1 | B33: instancias/r107,txt | C33: 0 | D33: 0 | E33: 1 | F33: 25 | G33: 27 | H33: 4 | I33: 200 | J33: 0 | K33: PD | L33: 1201.3898 | M33: 183.1797 | N33: 429.2004 | O33: 425.2685 | P33: -0.9161 | Q33: 0 | R33: 1 | S33: 1808 | T33: V0: [0,6,16,14,13,26] ; V1: [0,18,7,11,19,8,17,5,26] ; V2: [0,2,15,23,22,4,25,21,26] ; V3: [0,12,24,3,9,20,10,1,26] | U33: V0: [0,12,3,9,20,10,1,26] ; V1: [0,18,7,11,19,8,17,16,5,26] ; V2: [0,21,23,22,4,25,24,26] ; V3: [0,2,15,14,6,13,26] | V33: 46109.206
A34: tam25_cap200_tabu0_inst0_cons2 | B34: instancias/r107,txt | C34: 0 | D34: 0 | E34: 2 | F34: 25 | G34: 27 | H34: 4 | I34: 200 | J34: 0 | K34: PD | L34: 1201.3898 | M34: 246.2748 | N34: 429.2004 | O34: 425.2685 | P34: -0.9161 | Q34: 0 | R34: 1 | S34: 1976 | T34: V0: [0,6,16,14,13,26] ; V1: [0,18,7,11,19,8,17,5,26] ; V2: [0,2,15,23,22,4,25,21,26] ; V3: [0,12,24,3,9,20,10,1,26] | U34: V0: [0,18,7,11,19,8,17,16,5,26] ; V1: [0,21,23,22,4,25,24,26] ; V2: [0,12,3,9,20,10,1,26] ; V3: [0,2,15,14,6,13,26] | V34: 46109.208
A35: tam25_cap200_tabu0_inst0_cons3 | B35: instancias/r107,txt | C35: 0 | D35: 0 | E35: 3 | F35: 25 | G35: 27 | H35: 4 | I35: 200 | J35: 0 | K35: PD | L35: 1201.3898 | M35: 115.3156 | N35: 429.2004 | O35: 431.1264 | P35: 0.4487 | Q35: 0 | R35: 193 | S35: 2296 | T35: V0: [0,6,16,14,13,26] ; V1: [0,18,7,11,19,8,17,5,26] ; V2: [0,2,15,23,22,4,25,21,26] ; V3: [0,12,24,3,9,20,10,1,26] | U35: V0: [0,23,22,21,4,25,24,26] ; V1: [0,18,7,11,19,8,17,16,5,26] ; V2: [0,12,3,9,20,10,1,26] ; V3: [0,2,15,14,6,13,26] | V35: 46109.21
A36: tam25_cap200_tabu0_inst0_cons22 | B36: instancias/r107,txt | C36: 0 | D36: 0 | E36: 22 | F36: 25 | G36: 27 | H36: 4 | I36: 200 | J36: 0 | K36: PD | L36: 1201.3898 | M36: 443.1022 | N36: 429.2004 | O36: 425.2685 | P36: -0.9161 | Q36: 0 | R36: 1 | S36: 472 | T36: V0: [0,6,16,14,13,26] ; V1: [0,18,7,11,19,8,17,5,26] ; V2: [0,2,15,23,22,4,25,21,26] ; V3: [0,12,24,3,9,20,10,1,26] | U36: V0: [0,21,23,22,4,25,24,26] ; V1: [0,2,15,14,6,13,26] ; V2: [0,12,3,9,20,10,1,26] ; V3: [0,18,7,11,19,8,17,16,5,26] | V36: 46109.215
A37: tam25_cap200_tabu0_inst0_cons0 | B37: instancias/r108,txt | C37: 0 | D37: 0 | E37: 0 | F37: 25 | G37: 27 | H37: 4 | I37: 200 | J37: 0 | K37: PD | L37: 1201.4456 | M37: 3618.3219 | N37: 398.2947 | O37: 418.3557 | P37: 5.0367 | Q37: 0 | R37: 212 | S37: 5284 | T37: V0: [0,21,22,23,4,25,24,26] ; V1: [0,7,10,11,19,8,18,26] ; V2: [0,12,3,9,20,1,26] ; V3: [0,2,15,14,16,17,5,6,13,26] | U37: V0: [0,12,24,3,9,20,1,26] ; V1: [0,10,19,11,7,8,18,26] ; V2: [0,2,15,23,22,4,25,21,26] ; V3: [0,6,5,17,16,14,13,26] | V37: 46109.27
A38: tam25_cap200_tabu0_inst0_cons1 | B38: instancias/r108,txt | C38: 0 | D38: 0 | E38: 1 | F38: 25 | G38: 27 | H38: 4 | I38: 200 | J38: 0 | K38: PD | L38: 1201.4456 | M38: 426.5231 | N38: 398.2947 | O38: 398.2947 | P38: 0 | Q38: 1 | R38: 9 | S38: 2032 | T38: V0: [0,21,22,23,4,25,24,26] ; V1: [0,7,10,11,19,8,18,26] ; V2: [0,12,3,9,20,1,26] ; V3: [0,2,15,14,16,17,5,6,13,26] | U38: V0: [0,2,15,14,16,17,5,6,13,26] ; V1: [0,7,10,11,19,8,18,26] ; V2: [0,1,20,9,3,12,26] ; V3: [0,21,22,23,4,25,24,26] | V38: 46109.275
A39: tam25_cap200_tabu0_inst0_cons2 | B39: instancias/r108,txt | C39: 0 | D39: 0 | E39: 2 | F39: 25 | G39: 27 | H39: 4 | I39: 200 | J39: 0 | K39: PD | L39: 1201.4456 | M39: 1033.4836 | N39: 398.2947 | O39: 398.2947 | P39: 0 | Q39: 1 | R39: 95 | S39: 2328 | T39: V0: [0,21,22,23,4,25,24,26] ; V1: [0,7,10,11,19,8,18,26] ; V2: [0,12,3,9,20,1,26] ; V3: [0,2,15,14,16,17,5,6,13,26] | U39: V0: [0,7,10,11,19,8,18,26] ; V1: [0,2,15,14,16,17,5,6,13,26] ; V2: [0,1,20,9,3,12,26] ; V3: [0,21,22,23,4,25,24,26] | V39: 46109.287
A40: tam25_cap200_tabu0_inst0_cons3 | B40: instancias/r108,txt | C40: 0 | D40: 0 | E40: 3 | F40: 25 | G40: 27 | H40: 4 | I40: 200 | J40: 0 | K40: PD | L40: 1201.4456 | M40: 170.8266 | N40: 398.2947 | O40: 412.6813 | P40: 3.612 | Q40: 0 | R40: 227 | S40: 2972 | T40: V0: [0,21,22,23,4,25,24,26] ; V1: [0,7,10,11,19,8,18,26] ; V2: [0,12,3,9,20,1,26] ; V3: [0,2,15,14,16,17,5,6,13,26] | U40: V0: [0,14,15,2,13,26] ; V1: [0,21,22,23,4,25,24,26] ; V2: [0,12,3,9,20,10,1,26] ; V3: [0,18,7,11,19,8,17,16,5,6,26] | V40: 46109.29
A41: tam25_cap200_tabu0_inst0_cons22 | B41: instancias/r108,txt | C41: 0 | D41: 0 | E41: 22 | F41: 25 | G41: 27 | H41: 4 | I41: 200 | J41: 0 | K41: PD | L41: 1201.4456 | M41: 3603.5279 | N41: 398.2947 | O41: 413.9937 | P41: 3.9416 | Q41: 0 | R41: 469 | S41: 1976 | T41: V0: [0,21,22,23,4,25,24,26] ; V1: [0,7,10,11,19,8,18,26] ; V2: [0,12,3,9,20,1,26] ; V3: [0,2,15,14,16,17,5,6,13,26] | U41: V0: [0,22,23,4,12,26] ; V1: [0,1,20,9,3,24,25,21,26] ; V2: [0,7,10,11,19,8,18,26] ; V3: [0,2,15,14,16,17,5,6,13,26] | V41: 46109.331
A42: tam25_cap200_tabu0_inst0_cons0 | B42: instancias/r109,txt | C42: 0 | D42: 0 | E42: 0 | F42: 25 | G42: 27 | H42: 5 | I42: 200 | J42: 0 | K42: PD | L42: 80.721 | M42: 128.853 | N42: 442.6252 | O42: 442.6252 | P42: 0 | Q42: 1 | R42: 1 | S42: 1495 | T42: V0: [0,2,15,14,16,17,13,26] ; V1: [0,5,8,18,6,26] ; V2: [0,21,22,23,4,25,24,26] ; V3: [0,12,3,9,20,1,26] ; V4: [0,7,19,11,10,26] | U42: V0: [0,21,22,23,4,25,24,26] ; V1: [0,12,3,9,20,1,26] ; V2: [0,7,19,11,10,26] ; V3: [0,5,8,18,6,26] ; V4: [0,2,15,14,16,17,13,26] | V42: 46109.333
A43: tam25_cap200_tabu0_inst0_cons1 | B43: instancias/r109,txt | C43: 0 | D43: 0 | E43: 1 | F43: 25 | G43: 27 | H43: 5 | I43: 200 | J43: 0 | K43: PD | L43: 80.721 | M43: 93.2677 | N43: 442.6252 | O43: 442.6252 | P43: 0 | Q43: 1 | R43: 1 | S43: 1465 | T43: V0: [0,2,15,14,16,17,13,26] ; V1: [0,5,8,18,6,26] ; V2: [0,21,22,23,4,25,24,26] ; V3: [0,12,3,9,20,1,26] ; V4: [0,7,19,11,10,26] | U43: V0: [0,12,3,9,20,1,26] ; V1: [0,2,15,14,16,17,13,26] ; V2: [0,5,8,18,6,26] ; V3: [0,21,22,23,4,25,24,26] ; V4: [0,7,19,11,10,26] | V43: 46109.335
... A46: tam25_cap200_tabu0_inst0_cons22 | B46: instancias/r109,txt | C46: 0 | D46: 0 | E46: 22 | F46: 25 | G46: 27 | H46: 5 | I46: 200 | J46: 0 | K46: PD | L46: 80.721 | M46: 350.2311 | N46: 442.6252 | O46: 442.6252 | P46: 0 | Q46: 1 | R46: 1 | S46: 515 | T46: V0: [0,2,15,14,16,17,13,26] ; V1: [0,5,8,18,6,26] ; V2: [0,21,22,23,4,25,24,26] ; V3: [0,12,3,9,20,1,26] ; V4: [0,7,19,11,10,26] | U46: V0: [0,5,8,18,6,26] ; V1: [0,2,15,14,16,17,13,26] ; V2: [0,7,19,11,10,26] ; V3: [0,21,22,23,4,25,24,26] ; V4: [0,12,3,9,20,1,26] | V46: 46109.34
A47: tam25_cap200_tabu0_inst0_cons0 | B47: instancias/r110,txt | C47: 0 | D47: 0 | E47: 0 | F47: 25 | G47: 27 | H47: 4 | I47: 200 | J47: 0 | K47: PD | L47: 1201.6729 | M47: 1171.8681 | N47: -1 | O47: 445.8722 | R47: 129 | S47: 1704 | T47: SEM_SEQUENCIA_EXATO | U47: V0: [0,5,16,14,15,22,23,13,26] ; V1: [0,11,19,7,10,20,9,1,26] ; V2: [0,18,8,17,6,26] ; V3: [0,2,21,12,3,24,25,4,26] | V47: 46109.367
A48: tam25_cap200_tabu0_inst0_cons1 | B48: instancias/r110,txt | C48: 0 | D48: 0 | E48: 1 | F48: 25 | G48: 27 | H48: 4 | I48: 200 | J48: 0 | K48: PD | L48: 1201.6729 | M48: 484.5398 | N48: -1 | O48: 445.8722 | R48: 99 | S48: 1744 | T48: SEM_SEQUENCIA_EXATO | U48: V0: [0,18,8,17,6,26] ; V1: [0,5,16,14,15,22,23,13,26] ; V2: [0,2,21,12,3,24,25,4,26] ; V3: [0,11,19,7,10,20,9,1,26] | V48: 46109.373
A49: tam25_cap200_tabu0_inst0_cons2 | B49: instancias/r110,txt | C49: 0 | D49: 0 | E49: 2 | F49: 25 | G49: 27 | H49: 4 | I49: 200 | J49: 0 | K49: PD | L49: 1201.6729 | M49: 952.6015 | N49: -1 | O49: 445.8722 | R49: 131 | S49: 2424 | T49: SEM_SEQUENCIA_EXATO | U49: V0: [0,18,8,17,6,26] ; V1: [0,5,16,14,15,22,23,13,26] ; V2: [0,11,19,7,10,20,9,1,26] ; V3: [0,2,21,12,3,24,25,4,26] | V49: 46109.384
A50: tam25_cap200_tabu0_inst0_cons3 | B50: instancias/r110,txt | C50: 0 | D50: 0 | E50: 3 | F50: 25 | G50: 27 | H50: 4 | I50: 200 | J50: 0 | K50: PD | L50: 1201.6729 | M50: 285.8956 | N50: -1 | O50: 463.7544 | R50: 641 | S50: 3308 | T50: SEM_SEQUENCIA_EXATO | U50: V0: [0,5,16,14,15,22,23,25,26] ; V1: [0,21,2,6,18,8,17,13,26] ; V2: [0,11,19,7,10,20,9,1,26] ; V3: [0,12,3,24,4,26] | V50: 46109.387
A51: tam25_cap200_tabu0_inst0_cons22 | B51: instancias/r110,txt | C51: 0 | D51: 0 | E51: 22 | F51: 25 | G51: 27 | H51: 4 | I51: 200 | J51: 0 | K51: PD | L51: 1201.6729 | M51: 3602.4666 | N51: -1 | O51: 445.8722 | R51: 989 | S51: 908 | T51: SEM_SEQUENCIA_EXATO | U51: V0: [0,5,16,14,15,22,23,13,26] ; V1: [0,18,8,17,6,26] ; V2: [0,11,19,7,10,20,9,1,26] ; V3: [0,2,21,12,3,24,25,4,26] | V51: 46109.429
A52: tam25_cap200_tabu0_inst0_cons0 | B52: instancias/r111,txt | C52: 0 | D52: 0 | E52: 0 | F52: 25 | G52: 27 | H52: 4 | I52: 200 | J52: 0 | K52: PD | L52: 1201.3062 | M52: 491.4945 | N52: 440.9024 | O52: 429.6968 | P52: -2.5415 | Q52: 0 | R52: 33 | S52: 1356 | T52: V0: [0,6,14,16,17,5,26] ; V1: [0,2,15,23,22,21,4,25,24,26] ; V2: [0,3,9,20,10,1,12,26] ; V3: [0,7,11,19,8,18,13,26] | U52: V0: [0,2,15,14,16,6,13,26] ; V1: [0,7,11,19,8,18,17,5,26] ; V2: [0,21,23,22,4,25,24,26] ; V3: [0,12,3,9,20,10,1,26] | V52: 46109.449
A53: tam25_cap200_tabu0_inst0_cons1 | B53: instancias/r111,txt | C53: 0 | D53: 0 | E53: 1 | F53: 25 | G53: 27 | H53: 4 | I53: 200 | J53: 0 | K53: PD | L53: 1201.3062 | M53: 294.9593 | N53: 440.9024 | O53: 429.6968 | P53: -2.5415 | Q53: 0 | R53: 23 | S53: 1972 | T53: V0: [0,6,14,16,17,5,26] ; V1: [0,2,15,23,22,21,4,25,24,26] ; V2: [0,3,9,20,10,1,12,26] ; V3: [0,7,11,19,8,18,13,26] | U53: V0: [0,7,11,19,8,18,17,5,26] ; V1: [0,21,23,22,4,25,24,26] ; V2: [0,12,3,9,20,10,1,26] ; V3: [0,2,15,14,16,6,13,26] | V53: 46109.452
A54: tam25_cap200_tabu0_inst0_cons2 | B54: instancias/r111,txt | C54: 0 | D54: 0 | E54: 2 | F54: 25 | G54: 27 | H54: 4 | I54: 200 | J54: 0 | K54: PD | L54: 1201.3062 | M54: 347.7278 | N54: 440.9024 | O54: 429.6968 | P54: -2.5415 | Q54: 0 | R54: 23 | S54: 1864 | T54: V0: [0,6,14,16,17,5,26] ; V1: [0,2,15,23,22,21,4,25,24,26] ; V2: [0,3,9,20,10,1,12,26] ; V3: [0,7,11,19,8,18,13,26] | U54: V0: [0,2,15,14,16,6,13,26] ; V1: [0,12,3,9,20,10,1,26] ; V2: [0,21,23,22,4,25,24,26] ; V3: [0,7,11,19,8,18,17,5,26] | V54: 46109.456
A55: tam25_cap200_tabu0_inst0_cons3 | B55: instancias/r111,txt | C55: 0 | D55: 0 | E55: 3 | F55: 25 | G55: 27 | H55: 4 | I55: 200 | J55: 0 | K55: PD | L55: 1201.3062 | M55: 284.0919 | N55: 440.9024 | O55: 445.8037 | P55: 1.1117 | Q55: 0 | R55: 309 | S55: 4940 | T55: V0: [0,6,14,16,17,5,26] ; V1: [0,2,15,23,22,21,4,25,24,26] ; V2: [0,3,9,20,10,1,12,26] ; V3: [0,7,11,19,8,18,13,26] | U55: V0: [0,21,15,23,22,4,25,24,26] ; V1: [0,6,16,14,2,13,26] ; V2: [0,12,3,9,20,10,1,26] ; V3: [0,7,11,19,8,18,17,5,26] | V55: 46109.459
A56: tam25_cap200_tabu0_inst0_cons22 | B56: instancias/r111,txt | C56: 0 | D56: 0 | E56: 22 | F56: 25 | G56: 27 | H56: 4 | I56: 200 | J56: 0 | K56: PD | L56: 1201.3062 | M56: 710.8497 | N56: 440.9024 | O56: 429.6968 | P56: -2.5415 | Q56: 0 | R56: 35 | S56: 604 | T56: V0: [0,6,14,16,17,5,26] ; V1: [0,2,15,23,22,21,4,25,24,26] ; V2: [0,3,9,20,10,1,12,26] ; V3: [0,7,11,19,8,18,13,26] | U56: V0: [0,12,3,9,20,10,1,26] ; V1: [0,2,15,14,16,6,13,26] ; V2: [0,7,11,19,8,18,17,5,26] ; V3: [0,21,23,22,4,25,24,26] | V56: 46109.467
A57: tam25_cap200_tabu0_inst0_cons0 | B57: instancias/r112,txt | C57: 0 | D57: 0 | E57: 0 | F57: 25 | G57: 27 | H57: 4 | I57: 200 | J57: 0 | K57: PD | L57: 1201.257 | M57: 2295.7178 | N57: 394.1013 | O57: 396.9838 | P57: 0.7314 | Q57: 0 | R57: 489 | S57: 2204 | T57: V0: [0,18,8,7,19,11,10,26] ; V1: [0,21,22,23,4,25,24,26] ; V2: [0,2,15,14,16,17,5,6,13,26] ; V3: [0,12,3,9,20,1,26] | U57: V0: [0,13,21,22,23,25,4,26] ; V1: [0,2,15,14,16,17,5,6,26] ; V2: [0,12,24,3,9,20,1,26] ; V3: [0,18,8,7,19,11,10,26] | V57: 46109.508
A58: tam25_cap200_tabu0_inst0_cons1 | B58: instancias/r112,txt | C58: 0 | D58: 0 | E58: 1 | F58: 25 | G58: 27 | H58: 4 | I58: 200 | J58: 0 | K58: PD | L58: 1201.257 | M58: 2191.9139 | N58: 394.1013 | O58: 396.9838 | P58: 0.7314 | Q58: 0 | R58: 293 | S58: 2900 | T58: V0: [0,18,8,7,19,11,10,26] ; V1: [0,21,22,23,4,25,24,26] ; V2: [0,2,15,14,16,17,5,6,13,26] ; V3: [0,12,3,9,20,1,26] | U58: V0: [0,12,24,3,9,20,1,26] ; V1: [0,18,8,7,19,11,10,26] ; V2: [0,13,21,22,23,25,4,26] ; V3: [0,2,15,14,16,17,5,6,26] | V58: 46109.533
A59: tam25_cap200_tabu0_inst0_cons2 | B59: instancias/r112,txt | C59: 0 | D59: 0 | E59: 2 | F59: 25 | G59: 27 | H59: 4 | I59: 200 | J59: 0 | K59: PD | L59: 1201.257 | M59: 1488.6919 | N59: 394.1013 | O59: 394.1013 | P59: 0 | Q59: 1 | R59: 147 | S59: 2548 | T59: V0: [0,18,8,7,19,11,10,26] ; V1: [0,21,22,23,4,25,24,26] ; V2: [0,2,15,14,16,17,5,6,13,26] ; V3: [0,12,3,9,20,1,26] | U59: V0: [0,2,15,14,16,17,5,6,13,26] ; V1: [0,12,3,9,20,1,26] ; V2: [0,21,22,23,4,25,24,26] ; V3: [0,18,8,7,19,11,10,26] | V59: 46109.551
A60: tam25_cap200_tabu0_inst0_cons3 | B60: instancias/r112,txt | C60: 0 | D60: 0 | E60: 3 | F60: 25 | G60: 27 | H60: 4 | I60: 200 | J60: 0 | K60: PD | L60: 1201.257 | M60: 67.7074 | N60: 394.1013 | O60: 394.1013 | P60: 0 | Q60: 1 | R60: 75 | S60: 1708 | T60: V0: [0,18,8,7,19,11,10,26] ; V1: [0,21,22,23,4,25,24,26] ; V2: [0,2,15,14,16,17,5,6,13,26] ; V3: [0,12,3,9,20,1,26] | U60: V0: [0,2,15,14,16,17,5,6,13,26] ; V1: [0,12,3,9,20,1,26] ; V2: [0,21,22,23,4,25,24,26] ; V3: [0,18,8,7,19,11,10,26] | V60: 46109.551
A61: tam25_cap200_tabu0_inst0_cons22 | B61: instancias/r112,txt | C61: 0 | D61: 0 | E61: 22 | F61: 25 | G61: 27 | H61: 4 | I61: 200 | J61: 0 | K61: PD | L61: 1201.257 | M61: 3601.7314 | N61: 394.1013 | O61: -1 | R61: 0 | S61: 0 | T61: V0: [0,18,8,7,19,11,10,26] ; V1: [0,21,22,23,4,25,24,26] ; V2: [0,2,15,14,16,17,5,6,13,26] ; V3: [0,12,3,9,20,1,26] | U61: SEM_SEQUENCIA_BP | V61: 46109.593
A62: tam25_cap200_tabu0_inst0_cons0 | B62: instancias/c201,txt | C62: 0 | D62: 0 | E62: 0 | F62: 25 | G62: 27 | H62: 3 | I62: 200 | J62: 0 | K62: PD | L62: 4.4667 | M62: 3605.6968 | N62: 268.5325 | O62: 273.7812 | P62: 1.9546 | Q62: 0 | R62: 77 | S62: 5121 | T62: V0: [0,20,22,24,6,25,9,11,10,8,21,26] ; V1: [0,23,18,19,16,14,12,15,17,13,26] ; V2: [0,5,2,1,7,3,4,26] | U62: V0: [0,16,14,12,15,25,21,26] ; V1: [0,5,2,1,7,3,4,26] ; V2: [0,20,22,24,6,23,18,19,17,13,9,11,10,8,26] | V62: 46109.635
A63: tam25_cap200_tabu0_inst0_cons1 | B63: instancias/c201,txt | C63: 0 | D63: 0 | E63: 1 | F63: 25 | G63: 27 | H63: 3 | I63: 200 | J63: 0 | K63: PD | L63: 4.4667 | M63: 3521.4808 | N63: 268.5325 | O63: 268.8531 | P63: 0.1194 | Q63: 0 | R63: 803 | S63: 3870 | T63: V0: [0,20,22,24,6,25,9,11,10,8,21,26] ; V1: [0,23,18,19,16,14,12,15,17,13,26] ; V2: [0,5,2,1,7,3,4,26] | U63: V0: [0,5,2,1,7,3,4,26] ; V1: [0,20,22,24,6,23,18,17,25,21,26] ; V2: [0,19,16,14,12,15,13,9,11,10,8,26] | V63: 46109.676
A64: tam25_cap200_tabu0_inst0_cons2 | B64: instancias/c201,txt | C64: 0 | D64: 0 | E64: 2 | F64: 25 | G64: 27 | H64: 3 | I64: 200 | J64: 0 | K64: PD | L64: 4.4667 | M64: 2583.7684 | N64: 268.5325 | O64: 268.8531 | P64: 0.1194 | Q64: 0 | R64: 89 | S64: 2421 | T64: V0: [0,20,22,24,6,25,9,11,10,8,21,26] ; V1: [0,23,18,19,16,14,12,15,17,13,26] ; V2: [0,5,2,1,7,3,4,26] | U64: V0: [0,5,2,1,7,3,4,26] ; V1: [0,19,16,14,12,15,13,9,11,10,8,26] ; V2: [0,20,22,24,6,23,18,17,25,21,26] | V64: 46109.706
A65: tam25_cap200_tabu0_inst0_cons3 | B65: instancias/c201,txt | C65: 0 | D65: 0 | E65: 3 | F65: 25 | G65: 27 | H65: 3 | I65: 200 | J65: 0 | K65: PD | L65: 4.4667 | M65: 1496.4501 | N65: 268.5325 | O65: 291.2087 | P65: 8.4445 | Q65: 0 | R65: 3207 | S65: 12054 | T65: V0: [0,20,22,24,6,25,9,11,10,8,21,26] ; V1: [0,23,18,19,16,14,12,15,17,13,26] ; V2: [0,5,2,1,7,3,4,26] | U65: V0: [0,20,22,24,21,26] ; V1: [0,6,23,18,19,15,17,13,25,11,26] ; V2: [0,5,2,1,7,3,4,16,14,12,9,10,8,26] | V65: 46109.723
A66: tam25_cap200_tabu0_inst0_cons22 | B66: instancias/c201,txt | C66: 0 | D66: 0 | E66: 22 | F66: 25 | G66: 27 | H66: 3 | I66: 200 | J66: 0 | K66: PD | L66: 4.4667 | M66: 3727.0759 | N66: 268.5325 | O66: 272.4131 | P66: 1.4451 | Q66: 0 | R66: 64 | S66: 1431 | T66: V0: [0,20,22,24,6,25,9,11,10,8,21,26] ; V1: [0,23,18,19,16,14,12,15,17,13,26] ; V2: [0,5,2,1,7,3,4,26] | U66: V0: [0,5,2,1,7,3,4,26] ; V1: [0,19,16,14,12,15,13,9,11,10,8,26] ; V2: [0,22,20,24,6,23,18,17,25,21,26] | V66: 46109.766
A67: tam25_cap200_tabu0_inst0_cons0 | B67: instancias/c202,txt | C67: 0 | D67: 0 | E67: 0 | F67: 25 | G67: 27 | H67: 3 | I67: 200 | J67: 0 | K67: PD | L67: 1202.4696 | M67: 3999.3001 | N67: 268.9547 | O67: 295.176 | P67: 9.7493 | Q67: 0 | R67: 166 | S67: 2805 | T67: V0: [0,12,16,14,15,13,9,11,10,8,26] ; V1: [0,4,3,7,1,2,5,26] ; V2: [0,20,22,24,6,23,18,19,17,25,21,26] | U67: V0: [0,18,16,14,12,9,11,10,26] ; V1: [0,24,6,23,19,15,17,13,25,8,26] ; V2: [0,20,22,21,5,2,1,7,3,4,26] | V67: 46109.826
A68: tam25_cap200_tabu0_inst0_cons1 | B68: instancias/c202,txt | C68: 0 | D68: 0 | E68: 1 | F68: 25 | G68: 27 | H68: 3 | I68: 200 | J68: 0 | K68: PD | L68: 1202.4696 | M68: 3663.3761 | N68: 268.9547 | O68: 316.627 | P68: 17.725 | Q68: 0 | R68: 918 | S68: 2691 | T68: V0: [0,12,16,14,15,13,9,11,10,8,26] ; V1: [0,4,3,7,1,2,5,26] ; V2: [0,20,22,24,6,23,18,19,17,25,21,26] | U68: V0: [0,23,18,19,9,11,26] ; V1: [0,20,22,24,6,21,5,2,1,7,3,4,10,8,26] ; V2: [0,12,16,14,15,17,13,25,26] | V68: 46109.869
A69: tam25_cap200_tabu0_inst0_cons2 | B69: instancias/c202,txt | C69: 0 | D69: 0 | E69: 2 | F69: 25 | G69: 27 | H69: 3 | I69: 200 | J69: 0 | K69: PD | L69: 1202.4696 | M69: 3703.0246 | N69: 268.9547 | O69: 282.2679 | P69: 4.95 | Q69: 0 | R69: 119 | S69: 1872 | T69: V0: [0,12,16,14,15,13,9,11,10,8,26] ; V1: [0,4,3,7,1,2,5,26] ; V2: [0,20,22,24,6,23,18,19,17,25,21,26] | U69: V0: [0,2,1,7,3,4,26] ; V1: [0,20,22,24,6,23,18,19,16,14,12,9,8,26] ; V2: [0,21,15,17,13,25,11,10,5,26] | V69: 46109.911
A70: tam25_cap200_tabu0_inst0_cons3 | B70: instancias/c202,txt | C70: 0 | D70: 0 | E70: 3 | F70: 25 | G70: 27 | H70: 3 | I70: 200 | J70: 0 | K70: PD | L70: 1202.4696 | M70: 3633.8025 | N70: 268.9547 | O70: -1 | R70: 0 | S70: 0 | T70: V0: [0,12,16,14,15,13,9,11,10,8,26] ; V1: [0,4,3,7,1,2,5,26] ; V2: [0,20,22,24,6,23,18,19,17,25,21,26] | U70: SEM_SEQUENCIA_BP | V70: 46109.953
A71: tam25_cap200_tabu0_inst0_cons22 | B71: instancias/c202,txt | C71: 0 | D71: 0 | E71: 22 | F71: 25 | G71: 27 | H71: 3 | I71: 200 | J71: 0 | K71: PD | L71: 1202.4696 | M71: 3985.5626 | N71: 268.9547 | O71: -1 | R71: 0 | S71: 0 | T71: V0: [0,12,16,14,15,13,9,11,10,8,26] ; V1: [0,4,3,7,1,2,5,26] ; V2: [0,20,22,24,6,23,18,19,17,25,21,26] | U71: SEM_SEQUENCIA_BP | V71: 46109.999
A72: tam25_cap200_tabu0_inst0_cons0 | B72: instancias/c203,txt | C72: 0 | D72: 0 | E72: 0 | F72: 25 | G72: 27 | H72: 3 | I72: 200 | J72: 0 | K72: PD | L72: 1203.2062 | M72: 3610.5867 | N72: 268.5325 | O72: 291.3544 | P72: 8.4987 | Q72: 0 | R72: 2880 | S72: 1878 | T72: V0: [0,5,2,1,7,3,4,26] ; V1: [0,23,18,19,16,14,12,15,17,13,26] ; V2: [0,20,22,24,6,25,9,11,10,8,21,26] | U72: V0: [0,9,12,14,16,19,18,26] ; V1: [0,4,3,7,1,2,5,11,10,8,21,26] ; V2: [0,20,22,24,6,23,15,17,13,25,26] | V72: 46110.056
A73: tam25_cap200_tabu0_inst0_cons1 | B73: instancias/c203,txt | C73: 0 | D73: 0 | E73: 1 | F73: 25 | G73: 27 | H73: 3 | I73: 200 | J73: 0 | K73: PD | L73: 1203.2062 | M73: 3786.1477 | N73: 268.5325 | O73: 296.2319 | P73: 10.3151 | Q73: 0 | R73: 43 | S73: 2376 | T73: V0: [0,5,2,1,7,3,4,26] ; V1: [0,23,18,19,16,14,12,15,17,13,26] ; V2: [0,20,22,24,6,25,9,11,10,8,21,26] | U73: V0: [0,21,22,6,26] ; V1: [0,20,24,23,18,19,16,15,17,25,26] ; V2: [0,5,2,3,7,4,1,14,12,13,9,11,10,8,26] | V73: 46110.099
A74: tam25_cap200_tabu0_inst0_cons2 | B74: instancias/c203,txt | C74: 0 | D74: 0 | E74: 2 | F74: 25 | G74: 27 | H74: 3 | I74: 200 | J74: 0 | K74: PD | L74: 1203.2062 | M74: 4212.7162 | N74: 268.5325 | O74: 278.2214 | P74: 3.6081 | Q74: 0 | R74: 261 | S74: 2247 | T74: V0: [0,5,2,1,7,3,4,26] ; V1: [0,23,18,19,16,14,12,15,17,13,26] ; V2: [0,20,22,24,6,25,9,11,10,8,21,26] | U74: V0: [0,15,19,16,14,12,9,26] ; V1: [0,20,22,24,6,23,18,17,13,25,21,26] ; V2: [0,4,3,7,1,2,5,11,10,8,26] | V74: 46110.148
A75: tam25_cap200_tabu0_inst0_cons3 | B75: instancias/c203,txt | C75: 0 | D75: 0 | E75: 3 | F75: 25 | G75: 27 | H75: 3 | I75: 200 | J75: 0 | K75: PD | L75: 1203.2062 | M75: 3613.5973 | N75: 268.5325 | O75: 291.0624 | P75: 8.39 | Q75: 0 | R75: 1266 | S75: 8190 | T75: V0: [0,5,2,1,7,3,4,26] ; V1: [0,23,18,19,16,14,12,15,17,13,26] ; V2: [0,20,22,24,6,25,9,11,10,8,21,26] | U75: V0: [0,23,15,17,13,25,9,11,10,5,8,26] ; V1: [0,20,22,24,6,26] ; V2: [0,21,18,19,16,14,12,2,1,7,3,4,26] | V75: 46110.19
A76: tam25_cap200_tabu0_inst0_cons22 | B76: instancias/c203,txt | C76: 0 | D76: 0 | E76: 22 | F76: 25 | G76: 27 | H76: 3 | I76: 200 | J76: 0 | K76: PD | L76: 1203 | M76: 4555 | N76: 268.5325 | O76: -1 | R76: 0 | S76: 0 | T76: V0: [0,5,2,1,7,3,4,26] ; V1: [0,23,18,19,16,14,12,15,17,13,26] ; V2: [0,20,22,24,6,25,9,11,10,8,21,26] | U76: SEM_SEQUENCIA_BP | V76: 46110.242
A77: tam25_cap200_tabu0_inst0_cons10 | B77: instancias/c101N,txt | C77: 0 | D77: 0 | E77: 10 | F77: 25 | G77: 27 | H77: 3 | I77: 200 | J77: 0 | K77: PD | L77: 137.8427 | M77: 108.4146 | N77: 191.8136 | O77: 191.8136 | P77: 0 | Q77: 1 | R77: 1 | S77: 975 | T77: V0: [0,13,17,18,19,15,16,14,12,26] ; V1: [0,20,24,25,23,22,21,26] ; V2: [0,5,3,7,8,10,11,9,6,4,2,1,26] | U77: V0: [0,5,3,7,8,10,11,9,6,4,2,1,26] ; V1: [0,20,24,25,23,22,21,26] ; V2: [0,13,17,18,19,15,16,14,12,26] | V77: 46108.692
A78: tam25_cap200_tabu0_inst0_cons10 | B78: instancias/c102,txt | C78: 0 | D78: 0 | E78: 10 | F78: 25 | G78: 27 | H78: 3 | I78: 200 | J78: 0 | K78: PD | L78: 23.4754 | M78: 257.8523 | N78: 190.7376 | O78: 190.7376 | P78: 0 | Q78: 1 | R78: 1 | S78: 1506 | T78: V0: [0,7,8,10,11,9,6,4,2,1,3,5,26] ; V1: [0,20,24,25,23,22,21,26] ; V2: [0,13,17,18,19,15,16,14,12,26] | U78: V0: [0,13,17,18,19,15,16,14,12,26] ; V1: [0,20,24,25,23,22,21,26] ; V2: [0,7,8,10,11,9,6,4,2,1,3,5,26] | V78: 46108.696
A79: tam25_cap200_tabu0_inst0_cons10 | B79: instancias/c103,txt | C79: 0 | D79: 0 | E79: 10 | F79: 25 | G79: 27 | H79: 3 | I79: 200 | J79: 0 | K79: PD | L79: 1202.204 | M79: 639.0834 | N79: 190.7376 | O79: 190.7376 | P79: 0 | Q79: 1 | R79: 1 | S79: 1506 | T79: V0: [0,20,24,25,23,22,21,26] ; V1: [0,13,17,18,19,15,16,14,12,26] ; V2: [0,7,8,10,11,9,6,4,2,1,3,5,26] | U79: V0: [0,13,17,18,19,15,16,14,12,26] ; V1: [0,7,8,10,11,9,6,4,2,1,3,5,26] ; V2: [0,20,24,25,23,22,21,26] | V79: 46108.717
A80: tam25_cap200_tabu0_inst0_cons10 | B80: instancias/c104,txt | C80: 0 | D80: 0 | E80: 10 | F80: 25 | G80: 27 | H80: 3 | I80: 200 | J80: 0 | K80: PD | L80: 1202.261 | M80: 737.4562 | N80: 187.4495 | O80: 187.4495 | P80: 0 | Q80: 1 | R80: 1 | S80: 1506 | T80: V0: [0,7,8,11,9,6,4,2,1,3,5,26] ; V1: [0,20,24,25,23,22,21,26] ; V2: [0,13,17,18,19,15,16,14,12,10,26] | U80: V0: [0,7,8,11,9,6,4,2,1,3,5,26] ; V1: [0,20,24,25,23,22,21,26] ; V2: [0,13,17,18,19,15,16,14,12,10,26] | V80: 46108.74
A81: tam25_cap200_tabu0_inst0_cons10 | B81: instancias/c105,txt | C81: 0 | D81: 0 | E81: 10 | F81: 25 | G81: 27 | H81: 3 | I81: 200 | J81: 0 | K81: PD | L81: 1.2136 | M81: 273.0153 | N81: 191.8136 | O81: 191.8136 | P81: 0 | Q81: 1 | R81: 1 | S81: 1422 | T81: V0: [0,13,17,18,19,15,16,14,12,26] ; V1: [0,5,3,7,8,10,11,9,6,4,2,1,26] ; V2: [0,20,24,25,23,22,21,26] | U81: V0: [0,13,17,18,19,15,16,14,12,26] ; V1: [0,20,24,25,23,22,21,26] ; V2: [0,5,3,7,8,10,11,9,6,4,2,1,26] | V81: 46108.743
A82: tam25_cap200_tabu0_inst0_cons10 | B82: instancias/c106,txt | C82: 0 | D82: 0 | E82: 10 | F82: 25 | G82: 27 | H82: 3 | I82: 200 | J82: 0 | K82: PD | L82: 0.6906 | M82: 186.0802 | N82: 191.8136 | O82: 191.8136 | P82: 0 | Q82: 1 | R82: 1 | S82: 1077 | T82: V0: [0,20,24,25,23,22,21,26] ; V1: [0,5,3,7,8,10,11,9,6,4,2,1,26] ; V2: [0,13,17,18,19,15,16,14,12,26] | U82: V0: [0,5,3,7,8,10,11,9,6,4,2,1,26] ; V1: [0,13,17,18,19,15,16,14,12,26] ; V2: [0,20,24,25,23,22,21,26] | V82: 46108.745
A83: tam25_cap200_tabu0_inst0_cons10 | B83: instancias/c107,txt | C83: 0 | D83: 0 | E83: 10 | F83: 25 | G83: 27 | H83: 3 | I83: 200 | J83: 0 | K83: PD | L83: 1.2505 | M83: 240.0923 | N83: 191.8136 | O83: 191.8136 | P83: 0 | Q83: 1 | R83: 1 | S83: 1506 | T83: V0: [0,5,3,7,8,10,11,9,6,4,2,1,26] ; V1: [0,13,17,18,19,15,16,14,12,26] ; V2: [0,20,24,25,23,22,21,26] | U83: V0: [0,13,17,18,19,15,16,14,12,26] ; V1: [0,20,24,25,23,22,21,26] ; V2: [0,5,3,7,8,10,11,9,6,4,2,1,26] | V83: 46108.748
A84: tam25_cap200_tabu0_inst0_cons10 | B84: instancias/c108,txt | C84: 0 | D84: 0 | E84: 10 | F84: 25 | G84: 27 | H84: 3 | I84: 200 | J84: 0 | K84: PD | L84: 23.6169 | M84: 375.6112 | N84: 191.8136 | O84: 191.8136 | P84: 0 | Q84: 1 | R84: 1 | S84: 1506 | T84: V0: [0,20,24,25,23,22,21,26] ; V1: [0,13,17,18,19,15,16,14,12,26] ; V2: [0,5,3,7,8,10,11,9,6,4,2,1,26] | U84: V0: [0,13,17,18,19,15,16,14,12,26] ; V1: [0,5,3,7,8,10,11,9,6,4,2,1,26] ; V2: [0,20,24,25,23,22,21,26] | V84: 46108.753
A85: tam25_cap200_tabu0_inst0_cons10 | B85: instancias/c109,txt | C85: 0 | D85: 0 | E85: 10 | F85: 25 | G85: 27 | H85: 3 | I85: 200 | J85: 0 | K85: PD | L85: 1201.467 | M85: 152.2066 | N85: 191.8136 | O85: 198.3001 | P85: 3.3816 | Q85: 0 | R85: 1 | S85: 1506 | T85: V0: [0,5,3,7,8,10,11,9,6,4,2,1,26] ; V1: [0,20,24,25,23,22,21,26] ; V2: [0,13,17,18,19,15,16,14,12,26] | U85: V0: [0,3,13,17,18,19,15,16,14,12,26] ; V1: [0,20,24,25,23,22,21,26] ; V2: [0,5,7,8,10,11,9,6,4,2,1,26] | V85: 46108.768
A86: tam25_cap200_tabu0_inst0_cons10 | B86: instancias/r101,txt | C86: 0 | D86: 0 | E86: 10 | F86: 25 | G86: 27 | H86: 8 | I86: 200 | J86: 0 | K86: PD | L86: 0.7396 | M86: 25.3171 | N86: 618.3299 | O86: 618.3299 | P86: 0 | Q86: 1 | R86: 1 | S86: 1176 | T86: V0: [0,12,9,20,1,26] ; V1: [0,11,19,10,26] ; V2: [0,18,26] ; V3: [0,23,22,4,26] ; V4: [0,7,8,17,26] ; V5: [0,5,16,6,26] ; V6: [0,2,21,3,24,25,26] ; V7: [0,14,15,13,26] | U86: V0: [0,12,9,20,1,26] ; V1: [0,7,8,17,26] ; V2: [0,23,22,4,26] ; V3: [0,2,21,3,24,25,26] ; V4: [0,14,15,13,26] ; V5: [0,18,26] ; V6: [0,11,19,10,26] ; V7: [0,5,16,6,26] | V86: 46107.819
A87: tam25_cap200_tabu0_inst0_cons10 | B87: instancias/r102,txt | C87: 0 | D87: 0 | E87: 10 | F87: 25 | G87: 27 | H87: 7 | I87: 200 | J87: 0 | K87: PD | L87: 1200.9863 | M87: 1620.0409 | N87: 548.1078 | O87: 548.1078 | P87: 0 | Q87: 1 | R87: 2585 | S87: 2170 | T87: V0: [0,14,16,6,13,26] ; V1: [0,3,9,20,1,26] ; V2: [0,7,11,19,10,26] ; V3: [0,2,15,22,4,25,26] ; V4: [0,18,26] ; V5: [0,8,17,5,26] ; V6: [0,21,23,24,12,26] | U87: V0: [0,3,9,20,1,26] ; V1: [0,8,17,5,26] ; V2: [0,21,23,24,12,26] ; V3: [0,7,11,19,10,26] ; V4: [0,18,26] ; V5: [0,14,16,6,13,26] ; V6: [0,2,15,22,4,25,26] | V87: 46107.852
A88: tam25_cap200_tabu0_inst0_cons10 | B88: instancias/r103,txt | C88: 0 | D88: 0 | E88: 10 | F88: 25 | G88: 27 | H88: 5 | I88: 200 | J88: 0 | K88: PD | L88: 1201.1936 | M88: 185.2481 | N88: 468.2479 | O88: 455.6982 | P88: -2.6801 | Q88: 0 | R88: 1 | S88: 1525 | T88: V0: [0,7,19,11,10,26] ; V1: [0,2,21,23,22,4,25,26] ; V2: [0,14,15,6,13,26] ; V3: [0,1,20,9,3,24,12,26] ; V4: [0,18,8,17,16,5,26] | U88: V0: [0,12,24,3,9,10,20,1,26] ; V1: [0,21,23,22,4,25,26] ; V2: [0,7,19,11,8,18,26] ; V3: [0,2,15,14,16,17,5,26] ; V4: [0,6,13,26] | V88: 46107.868
... A94: tam25_cap200_tabu0_inst0_cons10 | B94: instancias/r109,txt | C94: 0 | D94: 0 | E94: 10 | F94: 25 | G94: 27 | H94: 5 | I94: 200 | J94: 0 | K94: PD | L94: 69.6229 | M94: 64.655 | N94: 442.6252 | O94: 442.6252 | P94: 0 | Q94: 1 | R94: 1 | S94: 1730 | T94: V0: [0,2,15,14,16,17,13,26] ; V1: [0,5,8,18,6,26] ; V2: [0,21,22,23,4,25,24,26] ; V3: [0,12,3,9,20,1,26] ; V4: [0,7,19,11,10,26] | U94: V0: [0,21,22,23,4,25,24,26] ; V1: [0,12,3,9,20,1,26] ; V2: [0,2,15,14,16,17,13,26] ; V3: [0,5,8,18,6,26] ; V4: [0,7,19,11,10,26] | V94: 46107.946
A95: tam25_cap200_tabu0_inst0_cons10 | B95: instancias/r110,txt | C95: 0 | D95: 0 | E95: 10 | F95: 25 | G95: 27 | H95: 4 | I95: 200 | J95: 0 | K95: PD | L95: 1201.7543 | M95: 1085.352 | N95: -1 | O95: 445.8722 | R95: 91 | S95: 2664 | T95: SEM_SEQUENCIA_EXATO | U95: V0: [0,11,19,7,10,20,9,1,26] ; V1: [0,18,8,17,6,26] ; V2: [0,2,21,12,3,24,25,4,26] ; V3: [0,5,16,14,15,22,23,13,26] | V95: 46107.972
A96: tam25_cap200_tabu0_inst0_cons10 | B96: instancias/r111,txt | C96: 0 | D96: 0 | E96: 10 | F96: 25 | G96: 27 | H96: 4 | I96: 200 | J96: 0 | K96: PD | L96: 1201.4562 | M96: 313.9361 | N96: 440.9024 | O96: 429.6968 | P96: -2.5415 | Q96: 0 | R96: 29 | S96: 1988 | T96: V0: [0,6,14,16,17,5,26] ; V1: [0,2,15,23,22,21,4,25,24,26] ; V2: [0,3,9,20,10,1,12,26] ; V3: [0,7,11,19,8,18,13,26] | U96: V0: [0,7,11,19,8,18,17,5,26] ; V1: [0,12,3,9,20,10,1,26] ; V2: [0,2,15,14,16,6,13,26] ; V3: [0,21,23,22,4,25,24,26] | V96: 46107.99
A97: tam25_cap200_tabu0_inst0_cons10 | B97: instancias/r112,txt | C97: 0 | D97: 0 | E97: 10 | F97: 25 | G97: 27 | H97: 4 | I97: 200 | J97: 0 | K97: PD | L97: 1201.4874 | M97: 3346.43 | N97: 394.1013 | O97: 396.9838 | P97: 0.7314 | Q97: 0 | R97: 559 | S97: 3936 | T97: V0: [0,18,8,7,19,11,10,26] ; V1: [0,21,22,23,4,25,24,26] ; V2: [0,2,15,14,16,17,5,6,13,26] ; V3: [0,12,3,9,20,1,26] | U97: V0: [0,18,8,7,19,11,10,26] ; V1: [0,2,15,14,16,17,5,6,26] ; V2: [0,12,24,3,9,20,1,26] ; V3: [0,13,21,22,23,25,4,26] | V97: 46108.042
AC99: tam25_cap200_tabu0_inst0_cons10 | AD99: instancias/c101N.txt | AE99: 0 | AF99: 0 | AG99: 10 | AH99: 25 | AI99: 27 | AJ99: 3 | AK99: 200 | AL99: 0 | AM99: PD | AN99: 0.2661 | AO99: 108 | AP99: 1918136 | AQ99: 1918136 | AR99: 0.0 | AS99: 1 | AT99: 1 | AU99: 975 | AV99: V0: [0,13,17,18,19,15,16,14,12,26] ; V1: [0,20,24,25,23,22,21,26] ; V2: [0,5,3,7,8,10,11,9,6,4,2,1,26] | AW99: V0: [0,5,3,7,8,10,11,9,6,4,2,1,26] ; V1: [0,20,24,25,23,22,21,26] ; V2: [0,13,17,18,19,15,16,14,12,26] | AX99: 46113.822
AC100: tam25_cap200_tabu0_inst0_cons10 | AD100: instancias/c102.txt | AE100: 0 | AF100: 0 | AG100: 10 | AH100: 25 | AI100: 27 | AJ100: 3 | AK100: 200 | AL100: 0 | AM100: PD | AN100: 19595 | AO100: 828 | AP100: 1907376 | AQ100: 1907376 | AR100: 0.0 | AS100: 1 | AT100: 1 | AU100: 2391 | AV100: V0: [0,7,8,10,11,9,6,4,2,1,3,5,26] ; V1: [0,20,24,25,23,22,21,26] ; V2: [0,13,17,18,19,15,16,14,12,26] | AW100: V0: [0,13,17,18,19,15,16,14,12,26] ; V1: [0,20,24,25,23,22,21,26] ; V2: [0,7,8,10,11,9,6,4,2,1,3,5,26] | AX100: 46113.831
AC101: tam25_cap200_tabu0_inst0_cons10 | AD101: instancias/c103.txt | AE101: 0 | AF101: 0 | AG101: 10 | AH101: 25 | AI101: 27 | AJ101: 3 | AK101: 200 | AL101: 0 | AM101: PD | AN101: 12014904 | AO101: 1009 | AP101: 1907376 | AQ101: 1907376 | AR101: 0.0 | AS101: 1 | AT101: 1 | AU101: 2328 | AV101: V0: [0,20,24,25,23,22,21,26] ; V1: [0,13,17,18,19,15,16,14,12,26] ; V2: [0,7,8,10,11,9,6,4,2,1,3,5,26] | AW101: V0: [0,7,8,10,11,9,6,4,2,1,3,5,26] ; V1: [0,20,24,25,23,22,21,26] ; V2: [0,13,17,18,19,15,16,14,12,26] | AX101: 46113.857
AC102: tam25_cap200_tabu0_inst0_cons10 | AD102: instancias/c104.txt | AE102: 0 | AF102: 0 | AG102: 10 | AH102: 25 | AI102: 27 | AJ102: 3 | AK102: 200 | AL102: 0 | AM102: PD | AN102: 12019546 | AO102: 518 | AP102: 1874495 | AQ102: 1907412 | AR102: =(AQ102-AP102)/AQ102 -> 0.017257415 | AS102: 0 | AT102: 1 | AU102: 2121 | AV102: V0: [0,7,8,11,9,6,4,2,1,3,5,26] ; V1: [0,20,24,25,23,22,21,26] ; V2: [0,13,17,18,19,15,16,14,12,10,26] | AW102: V0: [0,20,24,25,23,22,21,26] ; V1: [0,13,15,12,14,16,19,18,17,10,26] ; V2: [0,7,8,11,9,6,4,2,1,3,5,26] | AX102: 46113.876
AC103: tam25_cap200_tabu0_inst0_cons10 | AD103: instancias/c105.txt | AE103: 0 | AF103: 0 | AG103: 10 | AH103: 25 | AI103: 27 | AJ103: 3 | AK103: 200 | AL103: 0 | AM103: PD | AN103: 0.6184 | AO103: 684 | AP103: 1918136 | AQ103: 1918136 | AR103: 0.0 | AS103: 1 | AT103: 1 | AU103: 2424 | AV103: V0: [0,13,17,18,19,15,16,14,12,26] ; V1: [0,5,3,7,8,10,11,9,6,4,2,1,26] ; V2: [0,20,24,25,23,22,21,26] | AW103: V0: [0,5,3,7,8,10,11,9,6,4,2,1,26] ; V1: [0,13,17,18,19,15,16,14,12,26] ; V2: [0,20,24,25,23,22,21,26] | AX103: 46113.885
AC104: tam25_cap200_tabu0_inst0_cons10 | AD104: instancias/c106.txt | AE104: 0 | AF104: 0 | AG104: 10 | AH104: 25 | AI104: 27 | AJ104: 3 | AK104: 200 | AL104: 0 | AM104: PD | AN104: 0.3072 | AO104: 4181565 | AP104: 1918136 | AQ104: 1918136 | AR104: 0.0 | AS104: 1 | AT104: 1 | AU104: 1686 | AV104: V0: [0,20,24,25,23,22,21,26] ; V1: [0,5,3,7,8,10,11,9,6,4,2,1,26] ; V2: [0,13,17,18,19,15,16,14,12,26] | AW104: V0: [0,13,17,18,19,15,16,14,12,26] ; V1: [0,20,24,25,23,22,21,26] ; V2: [0,5,3,7,8,10,11,9,6,4,2,1,26] | AX104: 46113.89
AC105: tam25_cap200_tabu0_inst0_cons10 | AD105: instancias/c107.txt | AE105: 0 | AF105: 0 | AG105: 10 | AH105: 25 | AI105: 27 | AJ105: 3 | AK105: 200 | AL105: 0 | AM105: PD | AN105: 0.6161 | AO105: 3402205 | AP105: 1918136 | AQ105: 1918136 | AR105: 0.0 | AS105: 1 | AT105: 1 | AU105: 2040 | AV105: V0: [0,5,3,7,8,10,11,9,6,4,2,1,26] ; V1: [0,13,17,18,19,15,16,14,12,26] ; V2: [0,20,24,25,23,22,21,26] | AW105: V0: [0,13,17,18,19,15,16,14,12,26] ; V1: [0,20,24,25,23,22,21,26] ; V2: [0,5,3,7,8,10,11,9,6,4,2,1,26] | AX105: 46113.894
AC106: tam25_cap200_tabu0_inst0_cons10 | AD106: instancias/c108.txt | AE106: 0 | AF106: 0 | AG106: 10 | AH106: 25 | AI106: 27 | AJ106: 3 | AK106: 200 | AL106: 0 | AM106: PD | AN106: 150551 | AO106: 683342 | AP106: 1918136 | AQ106: 1918136 | AR106: -0.0 | AS106: 1 | AT106: 1 | AU106: 2415 | AV106: V0: [0,20,24,25,23,22,21,26] ; V1: [0,13,17,18,19,15,16,14,12,26] ; V2: [0,5,3,7,8,10,11,9,6,4,2,1,26] | AW106: V0: [0,13,17,18,19,15,16,14,12,26] ; V1: [0,20,24,25,23,22,21,26] ; V2: [0,5,3,7,8,10,11,9,6,4,2,1,26] | AX106: 46113.901
AC107: tam25_cap200_tabu0_inst0_cons10 | AD107: instancias/c109.txt | AE107: 0 | AF107: 0 | AG107: 10 | AH107: 25 | AI107: 27 | AJ107: 3 | AK107: 200 | AL107: 0 | AM107: PD | AN107: 12009615 | AO107: 9058647 | AP107: 1918136 | AQ107: 1918136 | AR107: -0.0 | AS107: 1 | AT107: 1 | AU107: 2028 | AV107: V0: [0,5,3,7,8,10,11,9,6,4,2,1,26] ; V1: [0,20,24,25,23,22,21,26] ; V2: [0,13,17,18,19,15,16,14,12,26] | AW107: V0: [0,13,17,18,19,15,16,14,12,26] ; V1: [0,5,3,7,8,10,11,9,6,4,2,1,26] ; V2: [0,20,24,25,23,22,21,26] | AX107: 46113.926
